respondent_key,split
2013-2014:73564,train
2013-2014:73566,train
2013-2014:73568,train
2013-2014:73574,validation
2013-2014:73580,train
2013-2014:73596,train
2013-2014:73599,validation
2013-2014:73613,train
2013-2014:73614,train
2013-2014:73615,train
2013-2014:73618,train
2013-2014:73619,test
2013-2014:73642,validation
2013-2014:73668,test
2013-2014:73670,train
2013-2014:73674,train
2013-2014:73677,test
2013-2014:73694,train
2013-2014:73702,train
2013-2014:73703,train
2013-2014:73714,test
2013-2014:73715,train
2013-2014:73726,train
2013-2014:73740,train
2013-2014:73747,train
2013-2014:73758,validation
2013-2014:73763,train
2013-2014:73767,train
2013-2014:73770,train
2013-2014:73772,train
2013-2014:73773,validation
2013-2014:73774,train
2013-2014:73775,train
2013-2014:73776,train
2013-2014:73786,validation
2013-2014:73797,train
2013-2014:73801,train
2013-2014:73808,test
2013-2014:73809,test
2013-2014:73813,train
2013-2014:73833,train
2013-2014:73846,train
2013-2014:73848,train
2013-2014:73849,train
2013-2014:73855,train
2013-2014:73862,validation
2013-2014:73864,validation
2013-2014:73866,test
2013-2014:73878,train
2013-2014:73879,test
2013-2014:73880,validation
2013-2014:73882,train
2013-2014:73896,train
2013-2014:73902,train
2013-2014:73906,train
2013-2014:73915,train
2013-2014:73924,validation
2013-2014:73930,train
2013-2014:73931,test
2013-2014:73937,validation
2013-2014:73954,train
2013-2014:73955,test
2013-2014:73958,train
2013-2014:73971,validation
2013-2014:73975,train
2013-2014:73981,train
2013-2014:73990,validation
2013-2014:73995,train
2013-2014:74006,train
2013-2014:74012,test
2013-2014:74013,train
2013-2014:74017,train
2013-2014:74019,test
2013-2014:74022,train
2013-2014:74028,train
2013-2014:74031,validation
2013-2014:74032,train
2013-2014:74047,train
2013-2014:74049,train
2013-2014:74050,validation
2013-2014:74051,train
2013-2014:74054,train
2013-2014:74057,train
2013-2014:74058,train
2013-2014:74065,test
2013-2014:74083,train
2013-2014:74087,train
2013-2014:74090,train
2013-2014:74097,train
2013-2014:74101,train
2013-2014:74102,validation
2013-2014:74109,train
2013-2014:74119,train
2013-2014:74122,train
2013-2014:74124,train
2013-2014:74127,train
2013-2014:74128,train
2013-2014:74131,train
2013-2014:74133,test
2013-2014:74147,validation
2013-2014:74149,train
2013-2014:74150,test
2013-2014:74158,train
2013-2014:74160,test
2013-2014:74164,validation
2013-2014:74172,train
2013-2014:74180,train
2013-2014:74187,validation
2013-2014:74191,train
2013-2014:74198,train
2013-2014:74211,test
2013-2014:74214,validation
2013-2014:74226,train
2013-2014:74231,train
2013-2014:74233,train
2013-2014:74235,train
2013-2014:74239,train
2013-2014:74249,train
2013-2014:74252,validation
2013-2014:74259,test
2013-2014:74265,train
2013-2014:74268,train
2013-2014:74275,train
2013-2014:74279,train
2013-2014:74283,test
2013-2014:74285,validation
2013-2014:74288,train
2013-2014:74292,train
2013-2014:74293,train
2013-2014:74313,train
2013-2014:74316,validation
2013-2014:74323,train
2013-2014:74332,train
2013-2014:74349,train
2013-2014:74358,train
2013-2014:74360,train
2013-2014:74366,test
2013-2014:74374,train
2013-2014:74375,test
2013-2014:74381,train
2013-2014:74384,train
2013-2014:74394,validation
2013-2014:74396,validation
2013-2014:74399,train
2013-2014:74401,validation
2013-2014:74415,train
2013-2014:74417,train
2013-2014:74418,test
2013-2014:74424,train
2013-2014:74425,train
2013-2014:74434,train
2013-2014:74446,validation
2013-2014:74451,train
2013-2014:74460,validation
2013-2014:74462,train
2013-2014:74471,train
2013-2014:74480,train
2013-2014:74481,train
2013-2014:74486,train
2013-2014:74490,train
2013-2014:74504,train
2013-2014:74505,validation
2013-2014:74509,train
2013-2014:74516,train
2013-2014:74521,train
2013-2014:74523,train
2013-2014:74530,test
2013-2014:74548,train
2013-2014:74551,validation
2013-2014:74557,train
2013-2014:74559,train
2013-2014:74570,validation
2013-2014:74574,train
2013-2014:74575,train
2013-2014:74580,validation
2013-2014:74582,train
2013-2014:74588,test
2013-2014:74596,test
2013-2014:74601,train
2013-2014:74602,test
2013-2014:74605,train
2013-2014:74609,train
2013-2014:74613,test
2013-2014:74614,test
2013-2014:74623,train
2013-2014:74624,test
2013-2014:74627,train
2013-2014:74633,train
2013-2014:74642,train
2013-2014:74647,test
2013-2014:74652,train
2013-2014:74653,train
2013-2014:74655,validation
2013-2014:74658,train
2013-2014:74668,train
2013-2014:74669,test
2013-2014:74670,train
2013-2014:74671,test
2013-2014:74673,train
2013-2014:74675,train
2013-2014:74678,test
2013-2014:74693,train
2013-2014:74710,train
2013-2014:74711,train
2013-2014:74717,test
2013-2014:74719,train
2013-2014:74721,train
2013-2014:74731,train
2013-2014:74734,train
2013-2014:74742,validation
2013-2014:74745,test
2013-2014:74747,train
2013-2014:74751,test
2013-2014:74766,train
2013-2014:74772,train
2013-2014:74774,train
2013-2014:74778,train
2013-2014:74779,test
2013-2014:74783,train
2013-2014:74785,validation
2013-2014:74786,train
2013-2014:74787,train
2013-2014:74789,validation
2013-2014:74795,train
2013-2014:74813,train
2013-2014:74815,train
2013-2014:74817,train
2013-2014:74822,train
2013-2014:74824,train
2013-2014:74831,test
2013-2014:74837,train
2013-2014:74841,train
2013-2014:74843,train
2013-2014:74852,validation
2013-2014:74854,test
2013-2014:74869,train
2013-2014:74877,train
2013-2014:74878,train
2013-2014:74883,train
2013-2014:74885,validation
2013-2014:74895,train
2013-2014:74897,test
2013-2014:74902,train
2013-2014:74907,train
2013-2014:74910,validation
2013-2014:74911,validation
2013-2014:74913,train
2013-2014:74918,train
2013-2014:74919,train
2013-2014:74942,train
2013-2014:74945,validation
2013-2014:74958,test
2013-2014:74971,train
2013-2014:74977,train
2013-2014:74978,test
2013-2014:74983,test
2013-2014:74986,train
2013-2014:74992,train
2013-2014:74997,train
2013-2014:75011,train
2013-2014:75018,train
2013-2014:75027,train
2013-2014:75030,train
2013-2014:75033,test
2013-2014:75041,train
2013-2014:75042,validation
2013-2014:75043,train
2013-2014:75044,train
2013-2014:75045,train
2013-2014:75047,train
2013-2014:75064,train
2013-2014:75070,train
2013-2014:75075,train
2013-2014:75079,train
2013-2014:75081,train
2013-2014:75089,train
2013-2014:75097,validation
2013-2014:75101,train
2013-2014:75103,validation
2013-2014:75114,train
2013-2014:75125,train
2013-2014:75131,train
2013-2014:75138,train
2013-2014:75140,validation
2013-2014:75141,train
2013-2014:75143,train
2013-2014:75149,test
2013-2014:75155,test
2013-2014:75158,test
2013-2014:75164,train
2013-2014:75178,train
2013-2014:75181,train
2013-2014:75187,test
2013-2014:75188,train
2013-2014:75193,validation
2013-2014:75209,train
2013-2014:75220,train
2013-2014:75222,train
2013-2014:75227,test
2013-2014:75235,train
2013-2014:75259,train
2013-2014:75260,train
2013-2014:75263,train
2013-2014:75265,validation
2013-2014:75274,test
2013-2014:75280,validation
2013-2014:75282,test
2013-2014:75283,train
2013-2014:75289,validation
2013-2014:75296,train
2013-2014:75309,test
2013-2014:75320,train
2013-2014:75324,validation
2013-2014:75326,train
2013-2014:75329,train
2013-2014:75337,train
2013-2014:75340,train
2013-2014:75341,train
2013-2014:75350,train
2013-2014:75351,train
2013-2014:75359,test
2013-2014:75374,train
2013-2014:75381,train
2013-2014:75389,train
2013-2014:75393,train
2013-2014:75397,train
2013-2014:75403,train
2013-2014:75405,validation
2013-2014:75407,train
2013-2014:75413,train
2013-2014:75415,train
2013-2014:75419,train
2013-2014:75422,train
2013-2014:75425,train
2013-2014:75428,test
2013-2014:75435,test
2013-2014:75444,test
2013-2014:75447,test
2013-2014:75467,train
2013-2014:75473,validation
2013-2014:75476,train
2013-2014:75481,validation
2013-2014:75482,train
2013-2014:75506,train
2013-2014:75507,train
2013-2014:75513,train
2013-2014:75518,validation
2013-2014:75521,train
2013-2014:75527,test
2013-2014:75531,train
2013-2014:75534,test
2013-2014:75537,test
2013-2014:75538,train
2013-2014:75539,train
2013-2014:75546,train
2013-2014:75549,train
2013-2014:75550,train
2013-2014:75554,test
2013-2014:75555,train
2013-2014:75557,validation
2013-2014:75572,test
2013-2014:75584,train
2013-2014:75586,train
2013-2014:75589,train
2013-2014:75592,train
2013-2014:75594,validation
2013-2014:75598,validation
2013-2014:75609,train
2013-2014:75612,validation
2013-2014:75613,train
2013-2014:75620,train
2013-2014:75621,train
2013-2014:75624,train
2013-2014:75625,train
2013-2014:75630,train
2013-2014:75631,validation
2013-2014:75635,train
2013-2014:75636,validation
2013-2014:75640,test
2013-2014:75648,train
2013-2014:75650,train
2013-2014:75660,train
2013-2014:75664,train
2013-2014:75665,test
2013-2014:75667,train
2013-2014:75670,test
2013-2014:75680,train
2013-2014:75684,train
2013-2014:75695,train
2013-2014:75699,train
2013-2014:75702,train
2013-2014:75707,train
2013-2014:75709,train
2013-2014:75717,train
2013-2014:75723,validation
2013-2014:75737,test
2013-2014:75745,train
2013-2014:75755,validation
2013-2014:75760,train
2013-2014:75762,train
2013-2014:75766,validation
2013-2014:75785,train
2013-2014:75790,train
2013-2014:75805,test
2013-2014:75807,validation
2013-2014:75816,train
2013-2014:75820,train
2013-2014:75823,train
2013-2014:75824,validation
2013-2014:75825,train
2013-2014:75827,train
2013-2014:75828,train
2013-2014:75831,train
2013-2014:75832,train
2013-2014:75850,train
2013-2014:75853,train
2013-2014:75856,train
2013-2014:75863,train
2013-2014:75872,validation
2013-2014:75878,train
2013-2014:75880,train
2013-2014:75881,train
2013-2014:75883,test
2013-2014:75888,train
2013-2014:75890,train
2013-2014:75892,train
2013-2014:75895,validation
2013-2014:75905,train
2013-2014:75908,train
2013-2014:75915,train
2013-2014:75922,train
2013-2014:75928,train
2013-2014:75929,train
2013-2014:75936,train
2013-2014:75938,train
2013-2014:75949,test
2013-2014:75951,train
2013-2014:75954,train
2013-2014:75955,train
2013-2014:75958,train
2013-2014:75965,train
2013-2014:75966,train
2013-2014:75985,train
2013-2014:75987,train
2013-2014:75992,train
2013-2014:75998,train
2013-2014:76006,train
2013-2014:76007,train
2013-2014:76014,validation
2013-2014:76028,test
2013-2014:76033,train
2013-2014:76034,test
2013-2014:76038,train
2013-2014:76039,train
2013-2014:76040,train
2013-2014:76042,train
2013-2014:76054,train
2013-2014:76079,train
2013-2014:76089,train
2013-2014:76091,test
2013-2014:76095,train
2013-2014:76099,train
2013-2014:76101,train
2013-2014:76103,train
2013-2014:76104,train
2013-2014:76117,train
2013-2014:76118,test
2013-2014:76129,train
2013-2014:76132,train
2013-2014:76133,train
2013-2014:76139,validation
2013-2014:76146,test
2013-2014:76148,train
2013-2014:76154,validation
2013-2014:76164,train
2013-2014:76167,validation
2013-2014:76169,train
2013-2014:76179,train
2013-2014:76181,train
2013-2014:76187,train
2013-2014:76188,train
2013-2014:76189,train
2013-2014:76193,train
2013-2014:76199,train
2013-2014:76204,train
2013-2014:76206,train
2013-2014:76210,train
2013-2014:76212,train
2013-2014:76214,train
2013-2014:76217,train
2013-2014:76218,test
2013-2014:76221,train
2013-2014:76224,train
2013-2014:76227,train
2013-2014:76233,validation
2013-2014:76236,train
2013-2014:76238,train
2013-2014:76244,train
2013-2014:76245,train
2013-2014:76253,validation
2013-2014:76256,validation
2013-2014:76259,validation
2013-2014:76269,train
2013-2014:76270,train
2013-2014:76272,train
2013-2014:76279,train
2013-2014:76281,train
2013-2014:76282,validation
2013-2014:76288,train
2013-2014:76289,train
2013-2014:76290,train
2013-2014:76298,validation
2013-2014:76301,train
2013-2014:76303,train
2013-2014:76310,train
2013-2014:76311,train
2013-2014:76314,train
2013-2014:76316,train
2013-2014:76320,train
2013-2014:76322,train
2013-2014:76323,train
2013-2014:76337,train
2013-2014:76340,train
2013-2014:76342,train
2013-2014:76347,train
2013-2014:76351,test
2013-2014:76363,test
2013-2014:76375,validation
2013-2014:76376,train
2013-2014:76387,train
2013-2014:76401,validation
2013-2014:76403,train
2013-2014:76405,train
2013-2014:76411,train
2013-2014:76442,train
2013-2014:76444,test
2013-2014:76451,train
2013-2014:76453,train
2013-2014:76455,validation
2013-2014:76461,train
2013-2014:76466,test
2013-2014:76472,train
2013-2014:76474,train
2013-2014:76480,train
2013-2014:76486,train
2013-2014:76487,train
2013-2014:76503,validation
2013-2014:76508,train
2013-2014:76511,train
2013-2014:76514,train
2013-2014:76515,train
2013-2014:76522,train
2013-2014:76525,test
2013-2014:76529,validation
2013-2014:76558,test
2013-2014:76568,train
2013-2014:76574,train
2013-2014:76575,validation
2013-2014:76576,train
2013-2014:76579,train
2013-2014:76581,train
2013-2014:76584,train
2013-2014:76588,validation
2013-2014:76590,train
2013-2014:76596,test
2013-2014:76602,train
2013-2014:76608,train
2013-2014:76609,train
2013-2014:76614,train
2013-2014:76619,test
2013-2014:76627,train
2013-2014:76630,train
2013-2014:76637,train
2013-2014:76641,train
2013-2014:76643,validation
2013-2014:76653,test
2013-2014:76655,train
2013-2014:76656,test
2013-2014:76657,train
2013-2014:76665,test
2013-2014:76667,train
2013-2014:76668,test
2013-2014:76674,train
2013-2014:76677,train
2013-2014:76684,validation
2013-2014:76690,validation
2013-2014:76698,train
2013-2014:76705,validation
2013-2014:76707,train
2013-2014:76716,test
2013-2014:76719,test
2013-2014:76720,train
2013-2014:76732,train
2013-2014:76735,train
2013-2014:76737,validation
2013-2014:76738,test
2013-2014:76739,test
2013-2014:76740,test
2013-2014:76747,train
2013-2014:76755,train
2013-2014:76760,train
2013-2014:76764,train
2013-2014:76765,train
2013-2014:76767,train
2013-2014:76769,train
2013-2014:76772,train
2013-2014:76774,train
2013-2014:76779,validation
2013-2014:76792,validation
2013-2014:76793,train
2013-2014:76805,test
2013-2014:76806,train
2013-2014:76807,train
2013-2014:76810,train
2013-2014:76811,train
2013-2014:76819,train
2013-2014:76824,train
2013-2014:76827,validation
2013-2014:76834,train
2013-2014:76846,test
2013-2014:76851,test
2013-2014:76860,train
2013-2014:76863,validation
2013-2014:76869,train
2013-2014:76871,train
2013-2014:76877,train
2013-2014:76879,train
2013-2014:76882,train
2013-2014:76884,train
2013-2014:76891,train
2013-2014:76895,train
2013-2014:76901,validation
2013-2014:76904,train
2013-2014:76905,train
2013-2014:76908,train
2013-2014:76909,train
2013-2014:76920,train
2013-2014:76938,train
2013-2014:76949,train
2013-2014:76950,train
2013-2014:76951,train
2013-2014:76958,test
2013-2014:76978,test
2013-2014:76993,train
2013-2014:76995,train
2013-2014:76998,test
2013-2014:77001,train
2013-2014:77004,train
2013-2014:77006,train
2013-2014:77007,train
2013-2014:77008,train
2013-2014:77014,train
2013-2014:77016,train
2013-2014:77023,validation
2013-2014:77026,train
2013-2014:77032,train
2013-2014:77039,train
2013-2014:77049,validation
2013-2014:77058,train
2013-2014:77060,train
2013-2014:77063,validation
2013-2014:77066,train
2013-2014:77073,train
2013-2014:77075,test
2013-2014:77082,train
2013-2014:77083,test
2013-2014:77094,test
2013-2014:77103,train
2013-2014:77104,validation
2013-2014:77112,train
2013-2014:77126,validation
2013-2014:77127,train
2013-2014:77136,train
2013-2014:77138,validation
2013-2014:77139,train
2013-2014:77141,train
2013-2014:77144,train
2013-2014:77153,test
2013-2014:77154,train
2013-2014:77157,train
2013-2014:77159,train
2013-2014:77162,train
2013-2014:77163,train
2013-2014:77164,train
2013-2014:77168,train
2013-2014:77171,train
2013-2014:77173,train
2013-2014:77176,test
2013-2014:77185,train
2013-2014:77187,train
2013-2014:77189,test
2013-2014:77191,train
2013-2014:77193,train
2013-2014:77197,train
2013-2014:77198,train
2013-2014:77205,train
2013-2014:77217,train
2013-2014:77220,train
2013-2014:77221,train
2013-2014:77224,test
2013-2014:77235,validation
2013-2014:77237,train
2013-2014:77239,test
2013-2014:77251,validation
2013-2014:77252,train
2013-2014:77262,train
2013-2014:77271,validation
2013-2014:77279,test
2013-2014:77281,validation
2013-2014:77285,train
2013-2014:77287,train
2013-2014:77294,train
2013-2014:77299,train
2013-2014:77304,train
2013-2014:77305,train
2013-2014:77308,train
2013-2014:77313,train
2013-2014:77316,train
2013-2014:77323,train
2013-2014:77328,train
2013-2014:77337,train
2013-2014:77347,train
2013-2014:77353,train
2013-2014:77355,train
2013-2014:77362,train
2013-2014:77367,test
2013-2014:77368,train
2013-2014:77369,train
2013-2014:77374,test
2013-2014:77392,test
2013-2014:77399,train
2013-2014:77405,train
2013-2014:77407,test
2013-2014:77411,train
2013-2014:77424,train
2013-2014:77428,train
2013-2014:77436,test
2013-2014:77446,test
2013-2014:77453,train
2013-2014:77455,train
2013-2014:77461,train
2013-2014:77463,train
2013-2014:77465,test
2013-2014:77466,train
2013-2014:77470,train
2013-2014:77474,validation
2013-2014:77481,train
2013-2014:77498,train
2013-2014:77502,train
2013-2014:77504,train
2013-2014:77508,test
2013-2014:77517,train
2013-2014:77534,test
2013-2014:77539,train
2013-2014:77552,train
2013-2014:77562,train
2013-2014:77569,train
2013-2014:77571,train
2013-2014:77577,train
2013-2014:77581,train
2013-2014:77584,test
2013-2014:77589,train
2013-2014:77595,train
2013-2014:77600,train
2013-2014:77607,validation
2013-2014:77609,train
2013-2014:77610,validation
2013-2014:77611,train
2013-2014:77615,train
2013-2014:77618,validation
2013-2014:77620,train
2013-2014:77625,train
2013-2014:77634,test
2013-2014:77638,test
2013-2014:77639,train
2013-2014:77642,train
2013-2014:77643,train
2013-2014:77645,validation
2013-2014:77653,train
2013-2014:77657,train
2013-2014:77669,train
2013-2014:77671,validation
2013-2014:77685,validation
2013-2014:77686,test
2013-2014:77689,train
2013-2014:77690,train
2013-2014:77691,train
2013-2014:77693,train
2013-2014:77698,train
2013-2014:77708,train
2013-2014:77714,validation
2013-2014:77715,train
2013-2014:77719,train
2013-2014:77734,train
2013-2014:77739,train
2013-2014:77743,train
2013-2014:77751,validation
2013-2014:77752,test
2013-2014:77763,validation
2013-2014:77778,test
2013-2014:77779,train
2013-2014:77782,train
2013-2014:77795,validation
2013-2014:77800,test
2013-2014:77805,validation
2013-2014:77823,train
2013-2014:77832,train
2013-2014:77835,validation
2013-2014:77837,train
2013-2014:77858,train
2013-2014:77861,train
2013-2014:77869,train
2013-2014:77872,train
2013-2014:77876,train
2013-2014:77884,train
2013-2014:77886,test
2013-2014:77894,train
2013-2014:77895,train
2013-2014:77902,test
2013-2014:77907,train
2013-2014:77908,train
2013-2014:77912,validation
2013-2014:77917,validation
2013-2014:77919,train
2013-2014:77927,train
2013-2014:77933,train
2013-2014:77936,train
2013-2014:77937,train
2013-2014:77939,validation
2013-2014:77953,train
2013-2014:77954,train
2013-2014:77957,train
2013-2014:77968,test
2013-2014:77979,train
2013-2014:77982,validation
2013-2014:77987,test
2013-2014:77991,train
2013-2014:78000,train
2013-2014:78001,validation
2013-2014:78002,validation
2013-2014:78003,train
2013-2014:78005,train
2013-2014:78008,train
2013-2014:78013,train
2013-2014:78018,train
2013-2014:78020,validation
2013-2014:78036,validation
2013-2014:78040,train
2013-2014:78045,train
2013-2014:78047,test
2013-2014:78065,train
2013-2014:78079,train
2013-2014:78091,train
2013-2014:78095,test
2013-2014:78105,train
2013-2014:78107,train
2013-2014:78126,train
2013-2014:78128,test
2013-2014:78130,train
2013-2014:78132,train
2013-2014:78140,train
2013-2014:78142,train
2013-2014:78149,validation
2013-2014:78164,train
2013-2014:78171,train
2013-2014:78179,train
2013-2014:78180,validation
2013-2014:78185,train
2013-2014:78186,test
2013-2014:78187,train
2013-2014:78195,train
2013-2014:78199,validation
2013-2014:78200,train
2013-2014:78201,train
2013-2014:78207,train
2013-2014:78212,train
2013-2014:78215,train
2013-2014:78225,train
2013-2014:78227,train
2013-2014:78230,train
2013-2014:78238,validation
2013-2014:78239,train
2013-2014:78247,train
2013-2014:78253,train
2013-2014:78262,test
2013-2014:78263,validation
2013-2014:78279,train
2013-2014:78280,train
2013-2014:78287,train
2013-2014:78291,train
2013-2014:78292,validation
2013-2014:78297,train
2013-2014:78302,train
2013-2014:78305,train
2013-2014:78309,validation
2013-2014:78312,train
2013-2014:78315,train
2013-2014:78318,validation
2013-2014:78334,train
2013-2014:78335,test
2013-2014:78336,train
2013-2014:78345,train
2013-2014:78350,train
2013-2014:78355,train
2013-2014:78359,train
2013-2014:78374,train
2013-2014:78379,train
2013-2014:78394,train
2013-2014:78403,train
2013-2014:78417,validation
2013-2014:78428,train
2013-2014:78430,train
2013-2014:78432,train
2013-2014:78439,train
2013-2014:78442,validation
2013-2014:78443,validation
2013-2014:78447,train
2013-2014:78461,train
2013-2014:78465,train
2013-2014:78468,test
2013-2014:78483,test
2013-2014:78486,train
2013-2014:78496,validation
2013-2014:78501,test
2013-2014:78503,validation
2013-2014:78504,train
2013-2014:78529,train
2013-2014:78533,test
2013-2014:78535,train
2013-2014:78542,validation
2013-2014:78551,validation
2013-2014:78552,train
2013-2014:78568,train
2013-2014:78602,train
2013-2014:78614,train
2013-2014:78619,train
2013-2014:78629,train
2013-2014:78636,train
2013-2014:78642,validation
2013-2014:78651,train
2013-2014:78652,validation
2013-2014:78669,train
2013-2014:78673,train
2013-2014:78676,validation
2013-2014:78677,validation
2013-2014:78682,validation
2013-2014:78701,test
2013-2014:78713,validation
2013-2014:78714,train
2013-2014:78715,train
2013-2014:78718,train
2013-2014:78719,train
2013-2014:78720,test
2013-2014:78723,train
2013-2014:78727,train
2013-2014:78744,validation
2013-2014:78746,test
2013-2014:78750,train
2013-2014:78754,train
2013-2014:78760,test
2013-2014:78764,validation
2013-2014:78768,train
2013-2014:78772,train
2013-2014:78777,validation
2013-2014:78778,validation
2013-2014:78780,validation
2013-2014:78782,train
2013-2014:78783,validation
2013-2014:78788,test
2013-2014:78814,train
2013-2014:78818,train
2013-2014:78819,validation
2013-2014:78821,train
2013-2014:78823,test
2013-2014:78827,validation
2013-2014:78834,train
2013-2014:78837,train
2013-2014:78840,train
2013-2014:78845,train
2013-2014:78862,test
2013-2014:78865,train
2013-2014:78872,train
2013-2014:78874,train
2013-2014:78875,validation
2013-2014:78882,train
2013-2014:78884,train
2013-2014:78885,train
2013-2014:78896,test
2013-2014:78898,validation
2013-2014:78901,train
2013-2014:78904,train
2013-2014:78909,train
2013-2014:78911,validation
2013-2014:78922,test
2013-2014:78944,train
2013-2014:78950,train
2013-2014:78952,train
2013-2014:78962,test
2013-2014:78966,train
2013-2014:78967,validation
2013-2014:78969,train
2013-2014:78973,train
2013-2014:78976,train
2013-2014:78977,train
2013-2014:78979,train
2013-2014:78992,train
2013-2014:79002,test
2013-2014:79007,train
2013-2014:79014,train
2013-2014:79018,validation
2013-2014:79019,validation
2013-2014:79025,validation
2013-2014:79027,train
2013-2014:79036,train
2013-2014:79037,train
2013-2014:79039,test
2013-2014:79040,train
2013-2014:79041,test
2013-2014:79049,train
2013-2014:79057,train
2013-2014:79058,train
2013-2014:79060,train
2013-2014:79063,train
2013-2014:79073,train
2013-2014:79078,train
2013-2014:79080,validation
2013-2014:79081,train
2013-2014:79084,train
2013-2014:79088,train
2013-2014:79091,test
2013-2014:79097,validation
2013-2014:79100,train
2013-2014:79110,train
2013-2014:79112,test
2013-2014:79119,train
2013-2014:79127,validation
2013-2014:79128,train
2013-2014:79136,train
2013-2014:79138,train
2013-2014:79139,train
2013-2014:79142,train
2013-2014:79153,train
2013-2014:79155,train
2013-2014:79160,test
2013-2014:79161,train
2013-2014:79165,train
2013-2014:79169,test
2013-2014:79171,test
2013-2014:79181,train
2013-2014:79191,validation
2013-2014:79199,train
2013-2014:79204,train
2013-2014:79211,train
2013-2014:79213,train
2013-2014:79214,validation
2013-2014:79223,test
2013-2014:79224,train
2013-2014:79225,train
2013-2014:79234,train
2013-2014:79243,validation
2013-2014:79249,test
2013-2014:79251,train
2013-2014:79256,train
2013-2014:79257,train
2013-2014:79258,train
2013-2014:79264,train
2013-2014:79268,train
2013-2014:79271,train
2013-2014:79274,train
2013-2014:79276,test
2013-2014:79279,train
2013-2014:79281,test
2013-2014:79282,train
2013-2014:79293,train
2013-2014:79296,train
2013-2014:79297,train
2013-2014:79298,test
2013-2014:79302,validation
2013-2014:79306,train
2013-2014:79309,train
2013-2014:79311,train
2013-2014:79317,validation
2013-2014:79318,train
2013-2014:79324,train
2013-2014:79325,train
2013-2014:79333,train
2013-2014:79335,train
2013-2014:79337,train
2013-2014:79341,train
2013-2014:79344,train
2013-2014:79354,test
2013-2014:79360,validation
2013-2014:79364,train
2013-2014:79379,train
2013-2014:79388,train
2013-2014:79390,train
2013-2014:79394,train
2013-2014:79395,train
2013-2014:79397,train
2013-2014:79407,test
2013-2014:79408,train
2013-2014:79409,train
2013-2014:79419,train
2013-2014:79422,train
2013-2014:79426,test
2013-2014:79429,train
2013-2014:79433,train
2013-2014:79438,test
2013-2014:79440,train
2013-2014:79441,train
2013-2014:79444,train
2013-2014:79449,train
2013-2014:79452,train
2013-2014:79455,train
2013-2014:79461,train
2013-2014:79464,train
2013-2014:79466,validation
2013-2014:79473,train
2013-2014:79476,test
2013-2014:79479,train
2013-2014:79480,validation
2013-2014:79486,train
2013-2014:79487,test
2013-2014:79491,train
2013-2014:79493,train
2013-2014:79499,train
2013-2014:79501,validation
2013-2014:79517,validation
2013-2014:79522,train
2013-2014:79523,train
2013-2014:79530,validation
2013-2014:79536,validation
2013-2014:79537,train
2013-2014:79539,train
2013-2014:79541,validation
2013-2014:79545,train
2013-2014:79549,test
2013-2014:79560,train
2013-2014:79565,test
2013-2014:79566,train
2013-2014:79568,train
2013-2014:79571,train
2013-2014:79575,validation
2013-2014:79578,train
2013-2014:79579,train
2013-2014:79581,train
2013-2014:79589,train
2013-2014:79590,train
2013-2014:79598,test
2013-2014:79599,train
2013-2014:79602,train
2013-2014:79603,train
2013-2014:79605,train
2013-2014:79621,train
2013-2014:79625,train
2013-2014:79639,validation
2013-2014:79640,train
2013-2014:79654,train
2013-2014:79658,train
2013-2014:79659,validation
2013-2014:79672,validation
2013-2014:79675,train
2013-2014:79683,validation
2013-2014:79685,train
2013-2014:79686,train
2013-2014:79697,test
2013-2014:79719,test
2013-2014:79721,test
2013-2014:79724,train
2013-2014:79729,train
2013-2014:79734,train
2013-2014:79735,train
2013-2014:79739,train
2013-2014:79740,train
2013-2014:79744,train
2013-2014:79748,train
2013-2014:79750,validation
2013-2014:79755,train
2013-2014:79757,train
2013-2014:79764,train
2013-2014:79771,test
2013-2014:79773,validation
2013-2014:79783,train
2013-2014:79792,train
2013-2014:79795,train
2013-2014:79798,train
2013-2014:79804,train
2013-2014:79806,train
2013-2014:79808,train
2013-2014:79820,train
2013-2014:79822,train
2013-2014:79837,train
2013-2014:79843,validation
2013-2014:79845,test
2013-2014:79857,train
2013-2014:79859,train
2013-2014:79864,validation
2013-2014:79870,train
2013-2014:79873,train
2013-2014:79880,train
2013-2014:79883,train
2013-2014:79884,train
2013-2014:79886,train
2013-2014:79902,train
2013-2014:79906,train
2013-2014:79911,test
2013-2014:79912,train
2013-2014:79914,validation
2013-2014:79926,train
2013-2014:79927,train
2013-2014:79928,train
2013-2014:79934,test
2013-2014:79943,validation
2013-2014:79950,train
2013-2014:79958,train
2013-2014:79959,test
2013-2014:79965,train
2013-2014:79974,train
2013-2014:79989,train
2013-2014:79993,test
2013-2014:79995,train
2013-2014:79999,test
2013-2014:80005,test
2013-2014:80008,train
2013-2014:80021,train
2013-2014:80025,test
2013-2014:80026,train
2013-2014:80027,train
2013-2014:80034,train
2013-2014:80036,train
2013-2014:80047,train
2013-2014:80049,validation
2013-2014:80052,validation
2013-2014:80055,train
2013-2014:80057,train
2013-2014:80066,train
2013-2014:80072,train
2013-2014:80073,train
2013-2014:80080,train
2013-2014:80087,train
2013-2014:80089,train
2013-2014:80092,train
2013-2014:80095,test
2013-2014:80096,train
2013-2014:80106,train
2013-2014:80107,train
2013-2014:80110,train
2013-2014:80111,test
2013-2014:80114,train
2013-2014:80128,test
2013-2014:80134,validation
2013-2014:80138,train
2013-2014:80139,test
2013-2014:80150,validation
2013-2014:80153,train
2013-2014:80154,train
2013-2014:80160,train
2013-2014:80165,train
2013-2014:80169,train
2013-2014:80173,train
2013-2014:80179,train
2013-2014:80182,validation
2013-2014:80190,train
2013-2014:80194,train
2013-2014:80206,train
2013-2014:80207,test
2013-2014:80217,train
2013-2014:80225,train
2013-2014:80231,train
2013-2014:80234,train
2013-2014:80235,test
2013-2014:80236,train
2013-2014:80241,test
2013-2014:80248,validation
2013-2014:80251,train
2013-2014:80252,validation
2013-2014:80257,validation
2013-2014:80262,validation
2013-2014:80264,train
2013-2014:80266,train
2013-2014:80280,train
2013-2014:80281,train
2013-2014:80283,test
2013-2014:80287,test
2013-2014:80289,test
2013-2014:80295,train
2013-2014:80296,validation
2013-2014:80297,test
2013-2014:80300,train
2013-2014:80302,train
2013-2014:80305,test
2013-2014:80307,train
2013-2014:80309,train
2013-2014:80315,train
2013-2014:80317,test
2013-2014:80322,train
2013-2014:80325,train
2013-2014:80326,train
2013-2014:80333,train
2013-2014:80334,train
2013-2014:80336,train
2013-2014:80337,train
2013-2014:80339,train
2013-2014:80344,train
2013-2014:80347,train
2013-2014:80349,train
2013-2014:80350,validation
2013-2014:80351,test
2013-2014:80354,validation
2013-2014:80355,test
2013-2014:80357,train
2013-2014:80360,validation
2013-2014:80363,train
2013-2014:80364,validation
2013-2014:80387,train
2013-2014:80388,train
2013-2014:80390,train
2013-2014:80392,test
2013-2014:80398,train
2013-2014:80403,train
2013-2014:80407,train
2013-2014:80417,train
2013-2014:80419,train
2013-2014:80421,train
2013-2014:80424,train
2013-2014:80431,train
2013-2014:80433,train
2013-2014:80434,train
2013-2014:80436,train
2013-2014:80442,train
2013-2014:80448,train
2013-2014:80456,train
2013-2014:80458,train
2013-2014:80459,train
2013-2014:80460,train
2013-2014:80463,train
2013-2014:80465,train
2013-2014:80468,test
2013-2014:80473,test
2013-2014:80474,validation
2013-2014:80482,train
2013-2014:80486,train
2013-2014:80490,test
2013-2014:80492,train
2013-2014:80497,train
2013-2014:80507,train
2013-2014:80509,validation
2013-2014:80511,train
2013-2014:80512,train
2013-2014:80516,train
2013-2014:80519,train
2013-2014:80520,validation
2013-2014:80524,train
2013-2014:80526,train
2013-2014:80528,train
2013-2014:80531,train
2013-2014:80540,train
2013-2014:80542,validation
2013-2014:80563,train
2013-2014:80564,train
2013-2014:80565,validation
2013-2014:80569,train
2013-2014:80574,train
2013-2014:80575,train
2013-2014:80583,train
2013-2014:80586,train
2013-2014:80588,validation
2013-2014:80594,train
2013-2014:80602,train
2013-2014:80611,train
2013-2014:80616,train
2013-2014:80623,train
2013-2014:80633,train
2013-2014:80636,train
2013-2014:80642,train
2013-2014:80645,train
2013-2014:80651,train
2013-2014:80653,validation
2013-2014:80654,train
2013-2014:80656,train
2013-2014:80662,train
2013-2014:80680,train
2013-2014:80682,train
2013-2014:80686,train
2013-2014:80694,train
2013-2014:80701,validation
2013-2014:80709,train
2013-2014:80718,test
2013-2014:80722,train
2013-2014:80727,test
2013-2014:80731,test
2013-2014:80736,test
2013-2014:80737,train
2013-2014:80755,validation
2013-2014:80757,validation
2013-2014:80762,train
2013-2014:80775,train
2013-2014:80790,train
2013-2014:80792,train
2013-2014:80795,train
2013-2014:80804,test
2013-2014:80805,train
2013-2014:80816,train
2013-2014:80819,train
2013-2014:80823,train
2013-2014:80840,test
2013-2014:80849,train
2013-2014:80850,train
2013-2014:80851,train
2013-2014:80854,test
2013-2014:80873,validation
2013-2014:80876,train
2013-2014:80879,train
2013-2014:80893,train
2013-2014:80894,train
2013-2014:80905,train
2013-2014:80912,validation
2013-2014:80920,train
2013-2014:80921,test
2013-2014:80941,train
2013-2014:80954,train
2013-2014:80956,train
2013-2014:80961,test
2013-2014:80962,test
2013-2014:80964,train
2013-2014:80966,train
2013-2014:80973,train
2013-2014:80974,train
2013-2014:80975,train
2013-2014:80992,train
2013-2014:81003,train
2013-2014:81015,train
2013-2014:81019,train
2013-2014:81025,train
2013-2014:81026,validation
2013-2014:81040,train
2013-2014:81041,train
2013-2014:81043,validation
2013-2014:81048,validation
2013-2014:81050,train
2013-2014:81054,train
2013-2014:81055,train
2013-2014:81060,validation
2013-2014:81073,test
2013-2014:81074,train
2013-2014:81076,train
2013-2014:81078,train
2013-2014:81084,train
2013-2014:81087,train
2013-2014:81088,train
2013-2014:81093,train
2013-2014:81100,train
2013-2014:81101,train
2013-2014:81107,test
2013-2014:81108,train
2013-2014:81109,validation
2013-2014:81110,train
2013-2014:81111,train
2013-2014:81116,train
2013-2014:81119,train
2013-2014:81124,train
2013-2014:81133,train
2013-2014:81134,validation
2013-2014:81137,validation
2013-2014:81138,train
2013-2014:81148,train
2013-2014:81153,train
2013-2014:81155,test
2013-2014:81158,train
2013-2014:81159,test
2013-2014:81162,train
2013-2014:81166,train
2013-2014:81168,train
2013-2014:81171,train
2013-2014:81173,train
2013-2014:81180,validation
2013-2014:81182,test
2013-2014:81186,train
2013-2014:81188,train
2013-2014:81202,validation
2013-2014:81204,train
2013-2014:81210,validation
2013-2014:81212,validation
2013-2014:81221,train
2013-2014:81223,validation
2013-2014:81224,train
2013-2014:81227,train
2013-2014:81228,test
2013-2014:81239,train
2013-2014:81244,train
2013-2014:81261,test
2013-2014:81262,test
2013-2014:81264,train
2013-2014:81267,train
2013-2014:81276,test
2013-2014:81283,train
2013-2014:81284,train
2013-2014:81286,train
2013-2014:81287,test
2013-2014:81288,train
2013-2014:81289,validation
2013-2014:81296,train
2013-2014:81302,validation
2013-2014:81304,train
2013-2014:81316,train
2013-2014:81317,train
2013-2014:81318,test
2013-2014:81319,train
2013-2014:81321,train
2013-2014:81322,train
2013-2014:81326,train
2013-2014:81331,validation
2013-2014:81341,train
2013-2014:81358,train
2013-2014:81372,train
2013-2014:81374,train
2013-2014:81375,train
2013-2014:81378,train
2013-2014:81386,train
2013-2014:81401,validation
2013-2014:81407,train
2013-2014:81413,test
2013-2014:81419,train
2013-2014:81428,train
2013-2014:81429,train
2013-2014:81438,test
2013-2014:81444,train
2013-2014:81453,test
2013-2014:81457,train
2013-2014:81462,train
2013-2014:81470,test
2013-2014:81471,train
2013-2014:81475,train
2013-2014:81477,train
2013-2014:81481,train
2013-2014:81497,validation
2013-2014:81499,train
2013-2014:81503,train
2013-2014:81510,train
2013-2014:81517,train
2013-2014:81518,test
2013-2014:81526,validation
2013-2014:81528,train
2013-2014:81534,test
2013-2014:81535,validation
2013-2014:81537,train
2013-2014:81541,train
2013-2014:81547,train
2013-2014:81552,train
2013-2014:81553,validation
2013-2014:81568,validation
2013-2014:81572,train
2013-2014:81579,train
2013-2014:81580,train
2013-2014:81584,train
2013-2014:81591,validation
2013-2014:81604,train
2013-2014:81606,train
2013-2014:81607,train
2013-2014:81608,train
2013-2014:81613,train
2013-2014:81618,train
2013-2014:81619,validation
2013-2014:81621,test
2013-2014:81622,train
2013-2014:81623,validation
2013-2014:81625,train
2013-2014:81627,validation
2013-2014:81629,validation
2013-2014:81639,train
2013-2014:81640,test
2013-2014:81645,train
2013-2014:81648,train
2013-2014:81649,test
2013-2014:81659,validation
2013-2014:81661,train
2013-2014:81662,train
2013-2014:81664,train
2013-2014:81667,train
2013-2014:81669,train
2013-2014:81672,train
2013-2014:81675,train
2013-2014:81676,train
2013-2014:81680,train
2013-2014:81683,train
2013-2014:81686,test
2013-2014:81692,validation
2013-2014:81694,validation
2013-2014:81695,train
2013-2014:81697,train
2013-2014:81699,test
2013-2014:81708,train
2013-2014:81711,train
2013-2014:81713,train
2013-2014:81715,train
2013-2014:81721,train
2013-2014:81722,test
2013-2014:81735,train
2013-2014:81736,test
2013-2014:81738,train
2013-2014:81750,train
2013-2014:81751,train
2013-2014:81754,train
2013-2014:81768,train
2013-2014:81776,train
2013-2014:81797,train
2013-2014:81804,train
2013-2014:81808,train
2013-2014:81813,train
2013-2014:81816,test
2013-2014:81822,train
2013-2014:81827,train
2013-2014:81829,train
2013-2014:81831,train
2013-2014:81836,train
2013-2014:81846,train
2013-2014:81847,train
2013-2014:81849,validation
2013-2014:81855,train
2013-2014:81858,train
2013-2014:81871,train
2013-2014:81877,validation
2013-2014:81894,test
2013-2014:81895,validation
2013-2014:81897,train
2013-2014:81900,train
2013-2014:81909,test
2013-2014:81913,train
2013-2014:81919,train
2013-2014:81929,train
2013-2014:81933,validation
2013-2014:81934,train
2013-2014:81940,test
2013-2014:81943,train
2013-2014:81946,train
2013-2014:81953,test
2013-2014:81962,test
2013-2014:81966,train
2013-2014:81967,train
2013-2014:81970,train
2013-2014:81975,train
2013-2014:81977,train
2013-2014:81978,test
2013-2014:81982,validation
2013-2014:81983,train
2013-2014:81989,train
2013-2014:81992,validation
2013-2014:82002,train
2013-2014:82003,test
2013-2014:82023,train
2013-2014:82025,train
2013-2014:82039,train
2013-2014:82043,train
2013-2014:82049,validation
2013-2014:82050,test
2013-2014:82051,test
2013-2014:82052,train
2013-2014:82053,train
2013-2014:82057,train
2013-2014:82059,validation
2013-2014:82060,validation
2013-2014:82061,train
2013-2014:82066,train
2013-2014:82090,test
2013-2014:82091,validation
2013-2014:82095,validation
2013-2014:82105,train
2013-2014:82106,test
2013-2014:82114,train
2013-2014:82116,test
2013-2014:82120,validation
2013-2014:82123,test
2013-2014:82127,test
2013-2014:82131,test
2013-2014:82133,test
2013-2014:82141,test
2013-2014:82144,validation
2013-2014:82147,test
2013-2014:82160,train
2013-2014:82169,train
2013-2014:82179,train
2013-2014:82181,train
2013-2014:82182,test
2013-2014:82187,test
2013-2014:82193,train
2013-2014:82194,test
2013-2014:82197,train
2013-2014:82198,test
2013-2014:82199,train
2013-2014:82201,train
2013-2014:82205,train
2013-2014:82211,train
2013-2014:82218,train
2013-2014:82224,test
2013-2014:82233,train
2013-2014:82241,test
2013-2014:82242,validation
2013-2014:82248,test
2013-2014:82258,train
2013-2014:82279,train
2013-2014:82281,validation
2013-2014:82285,train
2013-2014:82286,train
2013-2014:82291,train
2013-2014:82296,train
2013-2014:82302,train
2013-2014:82307,train
2013-2014:82310,train
2013-2014:82330,train
2013-2014:82334,train
2013-2014:82337,train
2013-2014:82342,validation
2013-2014:82343,train
2013-2014:82357,train
2013-2014:82360,train
2013-2014:82369,test
2013-2014:82373,validation
2013-2014:82384,train
2013-2014:82389,train
2013-2014:82395,train
2013-2014:82401,train
2013-2014:82405,train
2013-2014:82412,train
2013-2014:82425,train
2013-2014:82428,train
2013-2014:82430,test
2013-2014:82434,train
2013-2014:82439,train
2013-2014:82447,train
2013-2014:82450,train
2013-2014:82451,train
2013-2014:82452,train
2013-2014:82454,test
2013-2014:82455,train
2013-2014:82465,train
2013-2014:82492,train
2013-2014:82494,train
2013-2014:82495,train
2013-2014:82501,train
2013-2014:82502,train
2013-2014:82503,test
2013-2014:82512,train
2013-2014:82519,train
2013-2014:82520,train
2013-2014:82527,validation
2013-2014:82529,train
2013-2014:82535,train
2013-2014:82538,train
2013-2014:82543,test
2013-2014:82550,train
2013-2014:82562,validation
2013-2014:82576,test
2013-2014:82579,train
2013-2014:82589,test
2013-2014:82590,train
2013-2014:82603,validation
2013-2014:82609,validation
2013-2014:82614,test
2013-2014:82617,train
2013-2014:82628,train
2013-2014:82630,train
2013-2014:82635,train
2013-2014:82636,train
2013-2014:82638,test
2013-2014:82643,train
2013-2014:82654,train
2013-2014:82655,train
2013-2014:82657,train
2013-2014:82660,test
2013-2014:82665,train
2013-2014:82674,train
2013-2014:82677,train
2013-2014:82678,validation
2013-2014:82684,train
2013-2014:82696,train
2013-2014:82697,train
2013-2014:82708,train
2013-2014:82714,train
2013-2014:82719,train
2013-2014:82723,train
2013-2014:82724,train
2013-2014:82726,train
2013-2014:82728,train
2013-2014:82730,train
2013-2014:82735,test
2013-2014:82737,validation
2013-2014:82743,train
2013-2014:82766,test
2013-2014:82769,train
2013-2014:82770,train
2013-2014:82774,train
2013-2014:82781,validation
2013-2014:82784,train
2013-2014:82798,train
2013-2014:82803,test
2013-2014:82813,train
2013-2014:82823,validation
2013-2014:82825,train
2013-2014:82832,train
2013-2014:82834,validation
2013-2014:82838,train
2013-2014:82839,validation
2013-2014:82848,train
2013-2014:82851,validation
2013-2014:82857,train
2013-2014:82859,train
2013-2014:82862,test
2013-2014:82874,train
2013-2014:82882,validation
2013-2014:82893,validation
2013-2014:82896,train
2013-2014:82897,train
2013-2014:82903,validation
2013-2014:82926,train
2013-2014:82929,train
2013-2014:82930,train
2013-2014:82932,train
2013-2014:82945,train
2013-2014:82946,validation
2013-2014:82948,train
2013-2014:82952,train
2013-2014:82957,train
2013-2014:82961,train
2013-2014:82965,train
2013-2014:82971,train
2013-2014:82978,validation
2013-2014:82980,train
2013-2014:82982,validation
2013-2014:82984,train
2013-2014:82991,train
2013-2014:82992,train
2013-2014:82996,train
2013-2014:83001,train
2013-2014:83003,train
2013-2014:83012,test
2013-2014:83016,validation
2013-2014:83017,validation
2013-2014:83018,train
2013-2014:83019,validation
2013-2014:83021,train
2013-2014:83025,train
2013-2014:83027,validation
2013-2014:83036,train
2013-2014:83042,validation
2013-2014:83050,train
2013-2014:83056,train
2013-2014:83060,train
2013-2014:83065,train
2013-2014:83067,train
2013-2014:83074,train
2013-2014:83076,train
2013-2014:83083,train
2013-2014:83088,train
2013-2014:83096,test
2013-2014:83098,test
2013-2014:83100,train
2013-2014:83101,train
2013-2014:83103,train
2013-2014:83111,train
2013-2014:83116,test
2013-2014:83117,test
2013-2014:83118,validation
2013-2014:83131,train
2013-2014:83134,validation
2013-2014:83140,validation
2013-2014:83150,train
2013-2014:83156,train
2013-2014:83170,validation
2013-2014:83174,validation
2013-2014:83177,train
2013-2014:83191,validation
2013-2014:83197,train
2013-2014:83201,train
2013-2014:83208,train
2013-2014:83215,validation
2013-2014:83222,train
2013-2014:83237,train
2013-2014:83238,train
2013-2014:83248,validation
2013-2014:83251,train
2013-2014:83252,train
2013-2014:83260,train
2013-2014:83261,train
2013-2014:83272,train
2013-2014:83284,train
2013-2014:83286,train
2013-2014:83287,train
2013-2014:83292,train
2013-2014:83295,validation
2013-2014:83301,train
2013-2014:83305,train
2013-2014:83313,train
2013-2014:83326,train
2013-2014:83328,train
2013-2014:83329,train
2013-2014:83332,train
2013-2014:83336,train
2013-2014:83349,train
2013-2014:83354,train
2013-2014:83372,train
2013-2014:83379,train
2013-2014:83383,test
2013-2014:83385,train
2013-2014:83395,train
2013-2014:83398,train
2013-2014:83400,train
2013-2014:83403,validation
2013-2014:83406,validation
2013-2014:83407,train
2013-2014:83428,train
2013-2014:83429,train
2013-2014:83431,train
2013-2014:83433,validation
2013-2014:83440,train
2013-2014:83448,validation
2013-2014:83455,train
2013-2014:83461,validation
2013-2014:83472,validation
2013-2014:83475,train
2013-2014:83480,train
2013-2014:83491,train
2013-2014:83494,test
2013-2014:83497,train
2013-2014:83514,train
2013-2014:83516,train
2013-2014:83517,train
2013-2014:83522,train
2013-2014:83523,train
2013-2014:83524,test
2013-2014:83536,train
2013-2014:83539,train
2013-2014:83563,train
2013-2014:83564,train
2013-2014:83591,test
2013-2014:83597,train
2013-2014:83600,train
2013-2014:83630,train
2013-2014:83639,train
2013-2014:83643,train
2013-2014:83648,train
2013-2014:83658,validation
2013-2014:83663,test
2013-2014:83665,train
2013-2014:83668,validation
2013-2014:83673,train
2013-2014:83676,train
2013-2014:83677,train
2013-2014:83678,train
2013-2014:83679,validation
2013-2014:83683,test
2013-2014:83687,validation
2013-2014:83688,train
2013-2014:83699,train
2013-2014:83702,train
2013-2014:83711,train
2013-2014:83717,train
2015-2016:83735,train
2015-2016:83737,train
2015-2016:83742,test
2015-2016:83745,train
2015-2016:83749,train
2015-2016:83751,train
2015-2016:83752,train
2015-2016:83754,validation
2015-2016:83761,test
2015-2016:83767,train
2015-2016:83768,train
2015-2016:83773,test
2015-2016:83774,test
2015-2016:83781,train
2015-2016:83788,train
2015-2016:83809,test
2015-2016:83812,train
2015-2016:83815,train
2015-2016:83818,train
2015-2016:83819,test
2015-2016:83825,train
2015-2016:83828,validation
2015-2016:83831,train
2015-2016:83832,train
2015-2016:83836,train
2015-2016:83837,train
2015-2016:83854,train
2015-2016:83857,train
2015-2016:83862,train
2015-2016:83871,train
2015-2016:83875,train
2015-2016:83881,train
2015-2016:83883,train
2015-2016:83885,train
2015-2016:83887,train
2015-2016:83890,train
2015-2016:83897,train
2015-2016:83900,validation
2015-2016:83903,test
2015-2016:83911,train
2015-2016:83917,train
2015-2016:83920,train
2015-2016:83924,train
2015-2016:83928,train
2015-2016:83933,train
2015-2016:83934,test
2015-2016:83937,train
2015-2016:83943,train
2015-2016:83948,test
2015-2016:83952,train
2015-2016:83958,train
2015-2016:83959,train
2015-2016:83961,train
2015-2016:83962,train
2015-2016:83963,validation
2015-2016:83969,train
2015-2016:83971,train
2015-2016:83990,validation
2015-2016:83991,train
2015-2016:83993,validation
2015-2016:83994,train
2015-2016:83996,train
2015-2016:84001,train
2015-2016:84004,train
2015-2016:84008,test
2015-2016:84022,test
2015-2016:84023,train
2015-2016:84025,train
2015-2016:84028,test
2015-2016:84029,train
2015-2016:84033,train
2015-2016:84034,train
2015-2016:84038,validation
2015-2016:84041,validation
2015-2016:84046,test
2015-2016:84051,train
2015-2016:84055,train
2015-2016:84056,validation
2015-2016:84058,train
2015-2016:84062,train
2015-2016:84065,train
2015-2016:84073,train
2015-2016:84077,train
2015-2016:84093,validation
2015-2016:84094,train
2015-2016:84102,validation
2015-2016:84107,train
2015-2016:84118,train
2015-2016:84127,train
2015-2016:84128,train
2015-2016:84130,train
2015-2016:84137,train
2015-2016:84140,train
2015-2016:84151,train
2015-2016:84166,test
2015-2016:84171,train
2015-2016:84174,validation
2015-2016:84188,train
2015-2016:84189,train
2015-2016:84192,train
2015-2016:84194,train
2015-2016:84208,train
2015-2016:84221,train
2015-2016:84224,train
2015-2016:84231,train
2015-2016:84234,train
2015-2016:84238,train
2015-2016:84243,train
2015-2016:84247,test
2015-2016:84248,train
2015-2016:84253,train
2015-2016:84276,train
2015-2016:84278,train
2015-2016:84279,train
2015-2016:84286,validation
2015-2016:84295,train
2015-2016:84300,validation
2015-2016:84305,train
2015-2016:84308,train
2015-2016:84319,validation
2015-2016:84321,train
2015-2016:84323,train
2015-2016:84325,test
2015-2016:84330,validation
2015-2016:84332,train
2015-2016:84338,validation
2015-2016:84340,train
2015-2016:84347,train
2015-2016:84359,train
2015-2016:84363,validation
2015-2016:84366,train
2015-2016:84372,train
2015-2016:84378,test
2015-2016:84383,test
2015-2016:84392,validation
2015-2016:84394,train
2015-2016:84395,train
2015-2016:84396,train
2015-2016:84399,train
2015-2016:84400,train
2015-2016:84401,train
2015-2016:84402,train
2015-2016:84409,train
2015-2016:84410,train
2015-2016:84412,train
2015-2016:84417,train
2015-2016:84419,train
2015-2016:84429,train
2015-2016:84440,train
2015-2016:84450,validation
2015-2016:84456,train
2015-2016:84459,test
2015-2016:84471,train
2015-2016:84473,train
2015-2016:84476,train
2015-2016:84479,test
2015-2016:84480,train
2015-2016:84485,train
2015-2016:84490,validation
2015-2016:84493,train
2015-2016:84494,train
2015-2016:84495,test
2015-2016:84498,train
2015-2016:84500,test
2015-2016:84509,train
2015-2016:84511,train
2015-2016:84513,train
2015-2016:84522,train
2015-2016:84524,validation
2015-2016:84532,validation
2015-2016:84534,train
2015-2016:84535,train
2015-2016:84539,train
2015-2016:84540,validation
2015-2016:84547,train
2015-2016:84555,test
2015-2016:84561,train
2015-2016:84565,train
2015-2016:84569,train
2015-2016:84576,validation
2015-2016:84579,train
2015-2016:84581,validation
2015-2016:84583,train
2015-2016:84587,test
2015-2016:84594,validation
2015-2016:84597,validation
2015-2016:84602,train
2015-2016:84605,train
2015-2016:84617,train
2015-2016:84619,test
2015-2016:84620,train
2015-2016:84625,validation
2015-2016:84640,train
2015-2016:84641,validation
2015-2016:84642,train
2015-2016:84644,train
2015-2016:84651,train
2015-2016:84658,train
2015-2016:84665,validation
2015-2016:84668,train
2015-2016:84671,train
2015-2016:84672,validation
2015-2016:84677,train
2015-2016:84678,train
2015-2016:84679,validation
2015-2016:84683,train
2015-2016:84685,test
2015-2016:84704,test
2015-2016:84706,train
2015-2016:84716,test
2015-2016:84720,train
2015-2016:84734,test
2015-2016:84736,test
2015-2016:84759,train
2015-2016:84765,train
2015-2016:84766,train
2015-2016:84773,validation
2015-2016:84778,train
2015-2016:84783,train
2015-2016:84795,train
2015-2016:84796,train
2015-2016:84797,validation
2015-2016:84802,test
2015-2016:84815,train
2015-2016:84816,train
2015-2016:84825,train
2015-2016:84826,train
2015-2016:84833,train
2015-2016:84837,train
2015-2016:84847,train
2015-2016:84852,train
2015-2016:84854,train
2015-2016:84857,train
2015-2016:84859,train
2015-2016:84869,validation
2015-2016:84879,validation
2015-2016:84880,train
2015-2016:84882,train
2015-2016:84887,test
2015-2016:84891,test
2015-2016:84899,train
2015-2016:84902,train
2015-2016:84903,test
2015-2016:84904,train
2015-2016:84910,train
2015-2016:84913,train
2015-2016:84914,train
2015-2016:84918,train
2015-2016:84929,train
2015-2016:84936,validation
2015-2016:84944,validation
2015-2016:84946,validation
2015-2016:84948,test
2015-2016:84952,test
2015-2016:84956,test
2015-2016:84963,train
2015-2016:84964,test
2015-2016:84965,train
2015-2016:84973,train
2015-2016:84974,validation
2015-2016:84979,train
2015-2016:84989,train
2015-2016:84995,train
2015-2016:85001,train
2015-2016:85002,train
2015-2016:85003,validation
2015-2016:85009,train
2015-2016:85016,train
2015-2016:85018,train
2015-2016:85019,test
2015-2016:85020,validation
2015-2016:85034,train
2015-2016:85035,train
2015-2016:85063,validation
2015-2016:85069,train
2015-2016:85073,train
2015-2016:85074,train
2015-2016:85075,train
2015-2016:85088,train
2015-2016:85091,train
2015-2016:85093,validation
2015-2016:85095,train
2015-2016:85098,test
2015-2016:85100,validation
2015-2016:85102,test
2015-2016:85104,train
2015-2016:85108,train
2015-2016:85111,train
2015-2016:85114,train
2015-2016:85129,train
2015-2016:85131,validation
2015-2016:85132,train
2015-2016:85138,train
2015-2016:85147,train
2015-2016:85152,train
2015-2016:85158,train
2015-2016:85159,train
2015-2016:85160,train
2015-2016:85161,test
2015-2016:85166,train
2015-2016:85172,train
2015-2016:85173,train
2015-2016:85187,train
2015-2016:85192,train
2015-2016:85194,train
2015-2016:85200,train
2015-2016:85203,train
2015-2016:85216,train
2015-2016:85229,train
2015-2016:85231,train
2015-2016:85232,train
2015-2016:85239,test
2015-2016:85241,test
2015-2016:85252,test
2015-2016:85256,train
2015-2016:85262,test
2015-2016:85269,train
2015-2016:85275,train
2015-2016:85276,validation
2015-2016:85284,validation
2015-2016:85286,train
2015-2016:85293,test
2015-2016:85294,train
2015-2016:85297,test
2015-2016:85302,train
2015-2016:85303,train
2015-2016:85306,train
2015-2016:85308,train
2015-2016:85309,train
2015-2016:85318,train
2015-2016:85319,test
2015-2016:85322,train
2015-2016:85325,test
2015-2016:85331,train
2015-2016:85341,test
2015-2016:85343,train
2015-2016:85346,train
2015-2016:85351,train
2015-2016:85352,train
2015-2016:85354,test
2015-2016:85361,train
2015-2016:85363,train
2015-2016:85367,train
2015-2016:85368,train
2015-2016:85370,train
2015-2016:85375,train
2015-2016:85379,validation
2015-2016:85382,test
2015-2016:85389,train
2015-2016:85390,train
2015-2016:85393,train
2015-2016:85399,train
2015-2016:85401,train
2015-2016:85408,train
2015-2016:85415,validation
2015-2016:85420,train
2015-2016:85434,test
2015-2016:85437,train
2015-2016:85453,train
2015-2016:85455,train
2015-2016:85457,validation
2015-2016:85460,train
2015-2016:85463,train
2015-2016:85465,train
2015-2016:85470,train
2015-2016:85493,train
2015-2016:85494,train
2015-2016:85499,validation
2015-2016:85501,train
2015-2016:85502,validation
2015-2016:85503,train
2015-2016:85505,validation
2015-2016:85508,train
2015-2016:85509,test
2015-2016:85515,train
2015-2016:85516,train
2015-2016:85517,test
2015-2016:85525,train
2015-2016:85530,train
2015-2016:85537,train
2015-2016:85541,validation
2015-2016:85549,train
2015-2016:85552,train
2015-2016:85553,train
2015-2016:85564,train
2015-2016:85565,train
2015-2016:85567,train
2015-2016:85578,train
2015-2016:85580,train
2015-2016:85587,train
2015-2016:85590,train
2015-2016:85591,train
2015-2016:85592,train
2015-2016:85596,train
2015-2016:85599,train
2015-2016:85601,test
2015-2016:85611,train
2015-2016:85614,train
2015-2016:85621,test
2015-2016:85624,train
2015-2016:85628,validation
2015-2016:85631,train
2015-2016:85633,train
2015-2016:85637,train
2015-2016:85645,train
2015-2016:85649,train
2015-2016:85655,test
2015-2016:85656,train
2015-2016:85658,train
2015-2016:85662,train
2015-2016:85664,train
2015-2016:85672,train
2015-2016:85676,train
2015-2016:85683,train
2015-2016:85692,test
2015-2016:85696,validation
2015-2016:85700,validation
2015-2016:85702,test
2015-2016:85707,train
2015-2016:85711,test
2015-2016:85717,validation
2015-2016:85722,validation
2015-2016:85725,train
2015-2016:85728,train
2015-2016:85733,validation
2015-2016:85734,test
2015-2016:85738,test
2015-2016:85746,train
2015-2016:85770,train
2015-2016:85771,test
2015-2016:85778,train
2015-2016:85779,train
2015-2016:85781,train
2015-2016:85783,train
2015-2016:85787,test
2015-2016:85816,train
2015-2016:85822,train
2015-2016:85823,validation
2015-2016:85831,train
2015-2016:85846,validation
2015-2016:85851,train
2015-2016:85858,test
2015-2016:85859,train
2015-2016:85867,train
2015-2016:85869,train
2015-2016:85874,train
2015-2016:85878,train
2015-2016:85880,validation
2015-2016:85883,train
2015-2016:85885,train
2015-2016:85893,train
2015-2016:85909,train
2015-2016:85913,train
2015-2016:85914,test
2015-2016:85925,train
2015-2016:85931,validation
2015-2016:85936,train
2015-2016:85942,train
2015-2016:85948,validation
2015-2016:85957,train
2015-2016:85958,train
2015-2016:85960,train
2015-2016:85961,train
2015-2016:85964,validation
2015-2016:85966,test
2015-2016:85973,train
2015-2016:85975,test
2015-2016:85978,validation
2015-2016:85990,test
2015-2016:85994,train
2015-2016:85997,train
2015-2016:86002,train
2015-2016:86007,train
2015-2016:86009,train
2015-2016:86011,test
2015-2016:86013,validation
2015-2016:86022,train
2015-2016:86023,train
2015-2016:86024,train
2015-2016:86027,train
2015-2016:86028,train
2015-2016:86029,test
2015-2016:86031,train
2015-2016:86032,train
2015-2016:86037,train
2015-2016:86038,train
2015-2016:86039,test
2015-2016:86043,validation
2015-2016:86048,train
2015-2016:86056,validation
2015-2016:86058,train
2015-2016:86059,test
2015-2016:86071,test
2015-2016:86077,train
2015-2016:86082,validation
2015-2016:86085,train
2015-2016:86090,validation
2015-2016:86091,train
2015-2016:86101,validation
2015-2016:86105,train
2015-2016:86118,test
2015-2016:86123,test
2015-2016:86129,train
2015-2016:86132,train
2015-2016:86143,train
2015-2016:86145,test
2015-2016:86150,validation
2015-2016:86153,train
2015-2016:86155,train
2015-2016:86156,train
2015-2016:86159,train
2015-2016:86166,train
2015-2016:86167,train
2015-2016:86169,test
2015-2016:86177,train
2015-2016:86180,validation
2015-2016:86181,test
2015-2016:86184,train
2015-2016:86188,test
2015-2016:86189,validation
2015-2016:86210,train
2015-2016:86212,train
2015-2016:86221,train
2015-2016:86226,train
2015-2016:86232,train
2015-2016:86238,test
2015-2016:86239,test
2015-2016:86247,train
2015-2016:86258,train
2015-2016:86259,test
2015-2016:86262,train
2015-2016:86282,test
2015-2016:86286,train
2015-2016:86288,train
2015-2016:86291,train
2015-2016:86293,train
2015-2016:86297,train
2015-2016:86311,train
2015-2016:86315,train
2015-2016:86316,train
2015-2016:86321,train
2015-2016:86324,train
2015-2016:86326,train
2015-2016:86327,validation
2015-2016:86329,train
2015-2016:86336,test
2015-2016:86339,train
2015-2016:86345,train
2015-2016:86352,train
2015-2016:86356,test
2015-2016:86357,train
2015-2016:86361,train
2015-2016:86364,train
2015-2016:86366,train
2015-2016:86390,train
2015-2016:86400,train
2015-2016:86409,validation
2015-2016:86413,train
2015-2016:86416,train
2015-2016:86426,train
2015-2016:86436,train
2015-2016:86447,train
2015-2016:86456,train
2015-2016:86458,train
2015-2016:86460,train
2015-2016:86467,train
2015-2016:86470,train
2015-2016:86472,train
2015-2016:86473,train
2015-2016:86476,train
2015-2016:86490,validation
2015-2016:86492,test
2015-2016:86493,train
2015-2016:86494,train
2015-2016:86495,train
2015-2016:86510,train
2015-2016:86511,train
2015-2016:86524,train
2015-2016:86528,train
2015-2016:86534,train
2015-2016:86536,train
2015-2016:86552,train
2015-2016:86557,validation
2015-2016:86566,train
2015-2016:86568,train
2015-2016:86572,train
2015-2016:86577,train
2015-2016:86584,test
2015-2016:86593,train
2015-2016:86600,train
2015-2016:86607,train
2015-2016:86615,train
2015-2016:86618,validation
2015-2016:86626,train
2015-2016:86628,train
2015-2016:86629,test
2015-2016:86633,train
2015-2016:86639,train
2015-2016:86649,validation
2015-2016:86659,train
2015-2016:86660,test
2015-2016:86665,train
2015-2016:86670,test
2015-2016:86672,test
2015-2016:86686,train
2015-2016:86687,train
2015-2016:86695,validation
2015-2016:86696,test
2015-2016:86706,train
2015-2016:86717,train
2015-2016:86724,test
2015-2016:86728,train
2015-2016:86736,train
2015-2016:86746,train
2015-2016:86752,train
2015-2016:86759,test
2015-2016:86761,train
2015-2016:86775,train
2015-2016:86776,train
2015-2016:86785,test
2015-2016:86793,train
2015-2016:86795,train
2015-2016:86796,train
2015-2016:86802,train
2015-2016:86810,validation
2015-2016:86811,validation
2015-2016:86812,train
2015-2016:86826,train
2015-2016:86830,train
2015-2016:86833,train
2015-2016:86838,train
2015-2016:86850,train
2015-2016:86863,train
2015-2016:86868,train
2015-2016:86872,train
2015-2016:86879,train
2015-2016:86882,train
2015-2016:86889,test
2015-2016:86898,train
2015-2016:86905,validation
2015-2016:86908,train
2015-2016:86918,train
2015-2016:86922,validation
2015-2016:86941,train
2015-2016:86943,validation
2015-2016:86950,train
2015-2016:86952,train
2015-2016:86955,train
2015-2016:86959,train
2015-2016:86961,train
2015-2016:86966,validation
2015-2016:86968,train
2015-2016:86972,train
2015-2016:86978,train
2015-2016:86981,train
2015-2016:86990,validation
2015-2016:86991,train
2015-2016:86993,train
2015-2016:86996,test
2015-2016:87005,train
2015-2016:87014,train
2015-2016:87018,train
2015-2016:87026,test
2015-2016:87028,train
2015-2016:87030,train
2015-2016:87031,test
2015-2016:87044,train
2015-2016:87046,train
2015-2016:87050,train
2015-2016:87053,test
2015-2016:87056,train
2015-2016:87058,train
2015-2016:87067,train
2015-2016:87078,validation
2015-2016:87080,train
2015-2016:87084,validation
2015-2016:87086,test
2015-2016:87090,test
2015-2016:87092,train
2015-2016:87100,train
2015-2016:87112,train
2015-2016:87115,test
2015-2016:87117,train
2015-2016:87120,train
2015-2016:87122,validation
2015-2016:87127,train
2015-2016:87129,train
2015-2016:87130,validation
2015-2016:87131,train
2015-2016:87154,train
2015-2016:87159,validation
2015-2016:87162,train
2015-2016:87163,validation
2015-2016:87165,train
2015-2016:87166,test
2015-2016:87174,test
2015-2016:87179,train
2015-2016:87180,train
2015-2016:87191,test
2015-2016:87192,validation
2015-2016:87194,train
2015-2016:87196,train
2015-2016:87200,train
2015-2016:87207,train
2015-2016:87209,train
2015-2016:87212,train
2015-2016:87219,validation
2015-2016:87226,train
2015-2016:87237,train
2015-2016:87243,train
2015-2016:87250,validation
2015-2016:87251,train
2015-2016:87257,validation
2015-2016:87258,train
2015-2016:87268,test
2015-2016:87274,train
2015-2016:87276,train
2015-2016:87277,test
2015-2016:87283,train
2015-2016:87289,validation
2015-2016:87303,train
2015-2016:87304,train
2015-2016:87308,test
2015-2016:87314,train
2015-2016:87318,train
2015-2016:87322,train
2015-2016:87325,train
2015-2016:87329,train
2015-2016:87330,validation
2015-2016:87332,train
2015-2016:87337,train
2015-2016:87342,train
2015-2016:87343,train
2015-2016:87346,train
2015-2016:87353,train
2015-2016:87360,validation
2015-2016:87369,test
2015-2016:87371,validation
2015-2016:87372,train
2015-2016:87389,train
2015-2016:87399,train
2015-2016:87408,test
2015-2016:87416,test
2015-2016:87423,train
2015-2016:87425,train
2015-2016:87427,train
2015-2016:87436,train
2015-2016:87440,train
2015-2016:87441,train
2015-2016:87445,test
2015-2016:87447,train
2015-2016:87452,test
2015-2016:87454,train
2015-2016:87466,validation
2015-2016:87467,train
2015-2016:87470,train
2015-2016:87474,train
2015-2016:87475,train
2015-2016:87480,train
2015-2016:87487,train
2015-2016:87497,test
2015-2016:87498,train
2015-2016:87508,train
2015-2016:87513,train
2015-2016:87515,validation
2015-2016:87516,validation
2015-2016:87517,train
2015-2016:87520,train
2015-2016:87522,train
2015-2016:87523,train
2015-2016:87527,validation
2015-2016:87532,train
2015-2016:87539,train
2015-2016:87544,train
2015-2016:87554,train
2015-2016:87555,train
2015-2016:87558,validation
2015-2016:87577,train
2015-2016:87580,train
2015-2016:87584,train
2015-2016:87596,test
2015-2016:87598,test
2015-2016:87600,train
2015-2016:87606,train
2015-2016:87632,train
2015-2016:87634,validation
2015-2016:87645,train
2015-2016:87647,train
2015-2016:87648,validation
2015-2016:87653,train
2015-2016:87661,train
2015-2016:87665,validation
2015-2016:87666,test
2015-2016:87669,train
2015-2016:87675,test
2015-2016:87687,train
2015-2016:87694,train
2015-2016:87696,train
2015-2016:87697,train
2015-2016:87712,test
2015-2016:87719,train
2015-2016:87720,validation
2015-2016:87723,train
2015-2016:87727,train
2015-2016:87730,test
2015-2016:87732,train
2015-2016:87734,train
2015-2016:87740,train
2015-2016:87741,validation
2015-2016:87761,train
2015-2016:87769,train
2015-2016:87772,train
2015-2016:87776,train
2015-2016:87777,validation
2015-2016:87788,train
2015-2016:87789,train
2015-2016:87790,train
2015-2016:87795,test
2015-2016:87797,train
2015-2016:87799,train
2015-2016:87800,train
2015-2016:87806,test
2015-2016:87808,train
2015-2016:87814,train
2015-2016:87818,test
2015-2016:87820,test
2015-2016:87821,train
2015-2016:87822,test
2015-2016:87841,train
2015-2016:87842,validation
2015-2016:87845,train
2015-2016:87846,train
2015-2016:87848,train
2015-2016:87850,validation
2015-2016:87852,train
2015-2016:87859,train
2015-2016:87862,train
2015-2016:87874,train
2015-2016:87882,train
2015-2016:87888,train
2015-2016:87891,train
2015-2016:87892,validation
2015-2016:87899,validation
2015-2016:87901,train
2015-2016:87905,train
2015-2016:87906,train
2015-2016:87907,validation
2015-2016:87920,validation
2015-2016:87935,train
2015-2016:87937,test
2015-2016:87953,validation
2015-2016:87961,train
2015-2016:87963,train
2015-2016:87969,train
2015-2016:87970,train
2015-2016:87978,train
2015-2016:87982,test
2015-2016:87984,train
2015-2016:87998,test
2015-2016:87999,test
2015-2016:88000,validation
2015-2016:88004,train
2015-2016:88005,test
2015-2016:88008,train
2015-2016:88011,train
2015-2016:88022,validation
2015-2016:88027,train
2015-2016:88042,test
2015-2016:88044,train
2015-2016:88046,train
2015-2016:88047,train
2015-2016:88048,train
2015-2016:88049,train
2015-2016:88050,train
2015-2016:88055,train
2015-2016:88057,train
2015-2016:88058,test
2015-2016:88060,train
2015-2016:88065,train
2015-2016:88071,test
2015-2016:88072,test
2015-2016:88073,train
2015-2016:88081,train
2015-2016:88089,train
2015-2016:88094,train
2015-2016:88097,train
2015-2016:88099,train
2015-2016:88104,train
2015-2016:88110,train
2015-2016:88116,train
2015-2016:88119,validation
2015-2016:88123,train
2015-2016:88137,train
2015-2016:88138,train
2015-2016:88141,test
2015-2016:88148,test
2015-2016:88160,test
2015-2016:88167,train
2015-2016:88174,train
2015-2016:88184,train
2015-2016:88189,train
2015-2016:88199,train
2015-2016:88205,validation
2015-2016:88206,train
2015-2016:88211,test
2015-2016:88215,test
2015-2016:88216,train
2015-2016:88230,train
2015-2016:88234,train
2015-2016:88240,validation
2015-2016:88244,train
2015-2016:88254,train
2015-2016:88256,test
2015-2016:88257,test
2015-2016:88260,validation
2015-2016:88261,train
2015-2016:88262,validation
2015-2016:88264,validation
2015-2016:88269,train
2015-2016:88272,validation
2015-2016:88277,train
2015-2016:88289,train
2015-2016:88293,train
2015-2016:88296,validation
2015-2016:88297,train
2015-2016:88299,train
2015-2016:88304,validation
2015-2016:88321,train
2015-2016:88328,train
2015-2016:88332,train
2015-2016:88333,validation
2015-2016:88334,train
2015-2016:88339,validation
2015-2016:88348,train
2015-2016:88349,validation
2015-2016:88351,train
2015-2016:88352,test
2015-2016:88359,train
2015-2016:88360,train
2015-2016:88361,train
2015-2016:88366,train
2015-2016:88383,train
2015-2016:88385,test
2015-2016:88386,train
2015-2016:88392,train
2015-2016:88393,train
2015-2016:88395,train
2015-2016:88397,train
2015-2016:88400,test
2015-2016:88401,train
2015-2016:88402,train
2015-2016:88414,train
2015-2016:88431,train
2015-2016:88433,train
2015-2016:88436,train
2015-2016:88439,train
2015-2016:88440,train
2015-2016:88445,train
2015-2016:88451,train
2015-2016:88452,validation
2015-2016:88453,train
2015-2016:88457,train
2015-2016:88460,train
2015-2016:88462,train
2015-2016:88473,validation
2015-2016:88476,train
2015-2016:88480,train
2015-2016:88481,train
2015-2016:88482,train
2015-2016:88483,validation
2015-2016:88485,train
2015-2016:88487,train
2015-2016:88490,test
2015-2016:88493,validation
2015-2016:88495,train
2015-2016:88496,train
2015-2016:88500,train
2015-2016:88504,train
2015-2016:88507,train
2015-2016:88514,train
2015-2016:88518,train
2015-2016:88521,train
2015-2016:88527,train
2015-2016:88529,train
2015-2016:88530,train
2015-2016:88531,validation
2015-2016:88533,train
2015-2016:88535,validation
2015-2016:88536,validation
2015-2016:88538,train
2015-2016:88540,train
2015-2016:88541,validation
2015-2016:88565,train
2015-2016:88566,train
2015-2016:88568,train
2015-2016:88570,train
2015-2016:88572,train
2015-2016:88588,train
2015-2016:88589,validation
2015-2016:88593,train
2015-2016:88596,validation
2015-2016:88601,validation
2015-2016:88605,train
2015-2016:88608,train
2015-2016:88611,train
2015-2016:88613,train
2015-2016:88614,train
2015-2016:88615,train
2015-2016:88619,train
2015-2016:88625,train
2015-2016:88628,train
2015-2016:88629,train
2015-2016:88632,validation
2015-2016:88650,train
2015-2016:88651,validation
2015-2016:88653,validation
2015-2016:88654,train
2015-2016:88657,validation
2015-2016:88666,train
2015-2016:88668,test
2015-2016:88673,train
2015-2016:88674,train
2015-2016:88676,train
2015-2016:88680,test
2015-2016:88684,validation
2015-2016:88688,validation
2015-2016:88689,train
2015-2016:88694,train
2015-2016:88699,validation
2015-2016:88702,train
2015-2016:88704,train
2015-2016:88707,test
2015-2016:88708,train
2015-2016:88709,validation
2015-2016:88720,train
2015-2016:88721,test
2015-2016:88722,train
2015-2016:88726,train
2015-2016:88728,train
2015-2016:88733,test
2015-2016:88744,test
2015-2016:88748,test
2015-2016:88753,train
2015-2016:88754,train
2015-2016:88757,train
2015-2016:88759,train
2015-2016:88762,train
2015-2016:88766,validation
2015-2016:88772,validation
2015-2016:88786,train
2015-2016:88787,train
2015-2016:88795,train
2015-2016:88797,train
2015-2016:88799,validation
2015-2016:88811,train
2015-2016:88823,test
2015-2016:88829,train
2015-2016:88830,validation
2015-2016:88833,train
2015-2016:88836,train
2015-2016:88839,train
2015-2016:88842,train
2015-2016:88845,train
2015-2016:88847,validation
2015-2016:88848,train
2015-2016:88858,train
2015-2016:88862,train
2015-2016:88868,validation
2015-2016:88881,train
2015-2016:88886,train
2015-2016:88888,validation
2015-2016:88890,train
2015-2016:88891,train
2015-2016:88892,train
2015-2016:88903,test
2015-2016:88905,validation
2015-2016:88907,train
2015-2016:88908,train
2015-2016:88918,train
2015-2016:88920,train
2015-2016:88932,test
2015-2016:88937,train
2015-2016:88941,train
2015-2016:88944,train
2015-2016:88947,train
2015-2016:88951,validation
2015-2016:88964,train
2015-2016:88970,train
2015-2016:88976,train
2015-2016:88979,train
2015-2016:88984,test
2015-2016:88986,train
2015-2016:88991,train
2015-2016:88992,train
2015-2016:88999,train
2015-2016:89008,train
2015-2016:89012,train
2015-2016:89013,train
2015-2016:89014,train
2015-2016:89020,train
2015-2016:89021,train
2015-2016:89025,train
2015-2016:89028,validation
2015-2016:89031,train
2015-2016:89034,train
2015-2016:89036,validation
2015-2016:89038,train
2015-2016:89052,train
2015-2016:89062,train
2015-2016:89069,train
2015-2016:89072,test
2015-2016:89084,train
2015-2016:89085,train
2015-2016:89086,train
2015-2016:89090,train
2015-2016:89092,test
2015-2016:89093,validation
2015-2016:89096,train
2015-2016:89097,test
2015-2016:89104,train
2015-2016:89106,train
2015-2016:89111,train
2015-2016:89122,test
2015-2016:89146,train
2015-2016:89152,test
2015-2016:89155,train
2015-2016:89156,train
2015-2016:89160,test
2015-2016:89161,train
2015-2016:89170,train
2015-2016:89171,test
2015-2016:89174,test
2015-2016:89175,train
2015-2016:89176,validation
2015-2016:89182,train
2015-2016:89187,train
2015-2016:89188,train
2015-2016:89189,validation
2015-2016:89197,test
2015-2016:89211,validation
2015-2016:89215,train
2015-2016:89217,validation
2015-2016:89222,test
2015-2016:89229,train
2015-2016:89230,train
2015-2016:89233,train
2015-2016:89241,validation
2015-2016:89243,train
2015-2016:89248,train
2015-2016:89249,train
2015-2016:89253,train
2015-2016:89255,train
2015-2016:89272,validation
2015-2016:89273,train
2015-2016:89275,train
2015-2016:89276,train
2015-2016:89278,train
2015-2016:89284,validation
2015-2016:89288,train
2015-2016:89289,train
2015-2016:89291,train
2015-2016:89294,train
2015-2016:89296,test
2015-2016:89303,train
2015-2016:89304,train
2015-2016:89305,validation
2015-2016:89310,train
2015-2016:89316,test
2015-2016:89328,train
2015-2016:89329,train
2015-2016:89341,train
2015-2016:89343,train
2015-2016:89348,validation
2015-2016:89351,test
2015-2016:89359,train
2015-2016:89362,train
2015-2016:89364,train
2015-2016:89377,validation
2015-2016:89389,train
2015-2016:89390,train
2015-2016:89395,train
2015-2016:89399,train
2015-2016:89402,train
2015-2016:89410,train
2015-2016:89417,test
2015-2016:89420,train
2015-2016:89435,train
2015-2016:89440,train
2015-2016:89441,train
2015-2016:89444,train
2015-2016:89446,train
2015-2016:89448,train
2015-2016:89453,train
2015-2016:89456,train
2015-2016:89457,train
2015-2016:89467,validation
2015-2016:89468,train
2015-2016:89470,test
2015-2016:89471,train
2015-2016:89474,train
2015-2016:89475,train
2015-2016:89476,train
2015-2016:89482,train
2015-2016:89483,validation
2015-2016:89486,train
2015-2016:89495,train
2015-2016:89496,validation
2015-2016:89500,train
2015-2016:89508,train
2015-2016:89511,train
2015-2016:89518,test
2015-2016:89525,train
2015-2016:89536,test
2015-2016:89545,validation
2015-2016:89552,validation
2015-2016:89562,train
2015-2016:89572,train
2015-2016:89575,train
2015-2016:89584,train
2015-2016:89588,train
2015-2016:89589,test
2015-2016:89592,test
2015-2016:89595,test
2015-2016:89596,test
2015-2016:89601,validation
2015-2016:89606,train
2015-2016:89607,test
2015-2016:89609,train
2015-2016:89611,train
2015-2016:89613,train
2015-2016:89616,train
2015-2016:89620,train
2015-2016:89622,train
2015-2016:89635,train
2015-2016:89637,train
2015-2016:89640,test
2015-2016:89645,train
2015-2016:89646,validation
2015-2016:89647,train
2015-2016:89651,test
2015-2016:89654,train
2015-2016:89659,train
2015-2016:89676,train
2015-2016:89684,train
2015-2016:89685,train
2015-2016:89686,train
2015-2016:89694,train
2015-2016:89702,train
2015-2016:89704,train
2015-2016:89705,train
2015-2016:89708,test
2015-2016:89710,test
2015-2016:89711,train
2015-2016:89712,train
2015-2016:89723,test
2015-2016:89726,test
2015-2016:89730,train
2015-2016:89737,test
2015-2016:89743,validation
2015-2016:89749,train
2015-2016:89750,train
2015-2016:89754,train
2015-2016:89759,test
2015-2016:89764,train
2015-2016:89772,train
2015-2016:89774,train
2015-2016:89777,train
2015-2016:89781,train
2015-2016:89782,train
2015-2016:89792,train
2015-2016:89795,test
2015-2016:89800,train
2015-2016:89802,train
2015-2016:89804,train
2015-2016:89805,train
2015-2016:89807,train
2015-2016:89810,train
2015-2016:89816,test
2015-2016:89820,train
2015-2016:89823,test
2015-2016:89824,train
2015-2016:89825,train
2015-2016:89829,test
2015-2016:89832,train
2015-2016:89833,train
2015-2016:89839,train
2015-2016:89849,validation
2015-2016:89854,train
2015-2016:89862,train
2015-2016:89868,train
2015-2016:89875,train
2015-2016:89876,train
2015-2016:89879,train
2015-2016:89880,train
2015-2016:89884,train
2015-2016:89886,train
2015-2016:89892,train
2015-2016:89893,train
2015-2016:89901,train
2015-2016:89904,validation
2015-2016:89911,train
2015-2016:89919,validation
2015-2016:89934,train
2015-2016:89957,train
2015-2016:89959,train
2015-2016:89964,train
2015-2016:89968,train
2015-2016:89970,train
2015-2016:89977,train
2015-2016:89978,train
2015-2016:89980,validation
2015-2016:89981,train
2015-2016:89987,train
2015-2016:89988,train
2015-2016:90005,validation
2015-2016:90011,validation
2015-2016:90014,test
2015-2016:90020,train
2015-2016:90028,test
2015-2016:90035,validation
2015-2016:90036,train
2015-2016:90039,train
2015-2016:90052,train
2015-2016:90061,train
2015-2016:90062,train
2015-2016:90064,train
2015-2016:90065,train
2015-2016:90066,test
2015-2016:90068,train
2015-2016:90069,train
2015-2016:90073,train
2015-2016:90074,train
2015-2016:90075,train
2015-2016:90083,test
2015-2016:90086,validation
2015-2016:90092,train
2015-2016:90093,train
2015-2016:90105,validation
2015-2016:90106,train
2015-2016:90111,validation
2015-2016:90112,train
2015-2016:90113,test
2015-2016:90117,train
2015-2016:90121,train
2015-2016:90125,train
2015-2016:90128,train
2015-2016:90146,train
2015-2016:90153,train
2015-2016:90157,validation
2015-2016:90164,test
2015-2016:90167,train
2015-2016:90168,train
2015-2016:90172,train
2015-2016:90178,train
2015-2016:90184,train
2015-2016:90185,train
2015-2016:90186,train
2015-2016:90188,train
2015-2016:90189,train
2015-2016:90190,test
2015-2016:90198,train
2015-2016:90201,test
2015-2016:90205,train
2015-2016:90210,train
2015-2016:90238,train
2015-2016:90243,train
2015-2016:90244,test
2015-2016:90247,train
2015-2016:90250,test
2015-2016:90257,validation
2015-2016:90260,test
2015-2016:90262,train
2015-2016:90268,train
2015-2016:90281,train
2015-2016:90282,validation
2015-2016:90295,test
2015-2016:90297,train
2015-2016:90298,train
2015-2016:90307,train
2015-2016:90308,train
2015-2016:90314,train
2015-2016:90319,validation
2015-2016:90320,validation
2015-2016:90327,train
2015-2016:90328,train
2015-2016:90335,train
2015-2016:90337,train
2015-2016:90338,train
2015-2016:90344,train
2015-2016:90347,validation
2015-2016:90349,train
2015-2016:90354,validation
2015-2016:90362,test
2015-2016:90366,train
2015-2016:90369,train
2015-2016:90375,train
2015-2016:90377,train
2015-2016:90384,train
2015-2016:90397,train
2015-2016:90398,train
2015-2016:90399,train
2015-2016:90403,train
2015-2016:90413,train
2015-2016:90417,test
2015-2016:90426,test
2015-2016:90433,train
2015-2016:90434,validation
2015-2016:90441,train
2015-2016:90444,train
2015-2016:90447,validation
2015-2016:90454,train
2015-2016:90457,train
2015-2016:90458,train
2015-2016:90461,test
2015-2016:90463,train
2015-2016:90483,train
2015-2016:90485,train
2015-2016:90490,train
2015-2016:90500,train
2015-2016:90501,train
2015-2016:90502,validation
2015-2016:90515,train
2015-2016:90516,train
2015-2016:90525,train
2015-2016:90528,train
2015-2016:90531,train
2015-2016:90533,train
2015-2016:90540,train
2015-2016:90542,test
2015-2016:90544,train
2015-2016:90547,train
2015-2016:90563,train
2015-2016:90565,train
2015-2016:90569,train
2015-2016:90571,train
2015-2016:90573,train
2015-2016:90576,train
2015-2016:90586,train
2015-2016:90590,train
2015-2016:90592,train
2015-2016:90596,train
2015-2016:90598,test
2015-2016:90599,test
2015-2016:90604,train
2015-2016:90610,train
2015-2016:90617,train
2015-2016:90618,train
2015-2016:90623,train
2015-2016:90627,train
2015-2016:90629,train
2015-2016:90633,train
2015-2016:90642,train
2015-2016:90651,validation
2015-2016:90653,train
2015-2016:90655,train
2015-2016:90658,test
2015-2016:90664,validation
2015-2016:90668,train
2015-2016:90670,train
2015-2016:90674,train
2015-2016:90686,train
2015-2016:90691,train
2015-2016:90693,train
2015-2016:90700,test
2015-2016:90703,train
2015-2016:90712,train
2015-2016:90718,train
2015-2016:90720,train
2015-2016:90721,validation
2015-2016:90724,train
2015-2016:90728,train
2015-2016:90736,train
2015-2016:90742,validation
2015-2016:90744,train
2015-2016:90745,train
2015-2016:90746,train
2015-2016:90748,test
2015-2016:90760,train
2015-2016:90767,train
2015-2016:90768,train
2015-2016:90773,train
2015-2016:90775,train
2015-2016:90782,train
2015-2016:90793,train
2015-2016:90794,train
2015-2016:90797,test
2015-2016:90801,test
2015-2016:90804,test
2015-2016:90805,train
2015-2016:90811,train
2015-2016:90817,train
2015-2016:90820,validation
2015-2016:90835,train
2015-2016:90837,train
2015-2016:90842,train
2015-2016:90847,train
2015-2016:90852,test
2015-2016:90853,train
2015-2016:90856,validation
2015-2016:90859,test
2015-2016:90861,test
2015-2016:90863,train
2015-2016:90871,test
2015-2016:90872,train
2015-2016:90873,train
2015-2016:90877,validation
2015-2016:90882,validation
2015-2016:90889,train
2015-2016:90896,train
2015-2016:90900,train
2015-2016:90905,train
2015-2016:90911,train
2015-2016:90914,train
2015-2016:90917,train
2015-2016:90918,train
2015-2016:90919,train
2015-2016:90923,train
2015-2016:90925,train
2015-2016:90932,train
2015-2016:90953,train
2015-2016:90959,train
2015-2016:90964,train
2015-2016:90965,validation
2015-2016:90970,train
2015-2016:90971,validation
2015-2016:90975,train
2015-2016:90977,test
2015-2016:90980,train
2015-2016:90981,train
2015-2016:90982,train
2015-2016:90989,train
2015-2016:90994,train
2015-2016:91010,train
2015-2016:91015,train
2015-2016:91017,train
2015-2016:91025,train
2015-2016:91028,train
2015-2016:91038,train
2015-2016:91041,train
2015-2016:91043,train
2015-2016:91047,train
2015-2016:91055,train
2015-2016:91059,train
2015-2016:91060,train
2015-2016:91064,train
2015-2016:91067,train
2015-2016:91074,train
2015-2016:91078,test
2015-2016:91080,train
2015-2016:91082,train
2015-2016:91085,train
2015-2016:91091,train
2015-2016:91092,validation
2015-2016:91094,train
2015-2016:91097,validation
2015-2016:91109,train
2015-2016:91111,test
2015-2016:91112,validation
2015-2016:91122,train
2015-2016:91124,train
2015-2016:91126,train
2015-2016:91128,train
2015-2016:91133,train
2015-2016:91136,train
2015-2016:91138,train
2015-2016:91144,train
2015-2016:91146,train
2015-2016:91153,train
2015-2016:91155,train
2015-2016:91163,train
2015-2016:91164,test
2015-2016:91171,validation
2015-2016:91194,train
2015-2016:91196,train
2015-2016:91204,validation
2015-2016:91211,train
2015-2016:91215,train
2015-2016:91216,test
2015-2016:91223,train
2015-2016:91227,test
2015-2016:91228,test
2015-2016:91234,train
2015-2016:91236,train
2015-2016:91247,train
2015-2016:91250,validation
2015-2016:91253,test
2015-2016:91258,train
2015-2016:91261,train
2015-2016:91271,train
2015-2016:91272,train
2015-2016:91278,train
2015-2016:91284,train
2015-2016:91290,train
2015-2016:91291,train
2015-2016:91313,train
2015-2016:91316,test
2015-2016:91317,train
2015-2016:91323,train
2015-2016:91324,train
2015-2016:91327,train
2015-2016:91328,train
2015-2016:91334,train
2015-2016:91336,train
2015-2016:91338,train
2015-2016:91351,train
2015-2016:91355,train
2015-2016:91356,validation
2015-2016:91358,train
2015-2016:91363,train
2015-2016:91366,train
2015-2016:91383,train
2015-2016:91392,train
2015-2016:91396,train
2015-2016:91399,train
2015-2016:91400,validation
2015-2016:91404,train
2015-2016:91408,validation
2015-2016:91417,train
2015-2016:91418,validation
2015-2016:91419,train
2015-2016:91420,test
2015-2016:91421,train
2015-2016:91425,validation
2015-2016:91433,train
2015-2016:91436,train
2015-2016:91438,train
2015-2016:91445,train
2015-2016:91446,test
2015-2016:91449,train
2015-2016:91453,test
2015-2016:91454,train
2015-2016:91456,validation
2015-2016:91474,train
2015-2016:91475,train
2015-2016:91476,validation
2015-2016:91479,train
2015-2016:91482,train
2015-2016:91485,train
2015-2016:91487,train
2015-2016:91490,train
2015-2016:91493,test
2015-2016:91497,test
2015-2016:91507,train
2015-2016:91513,train
2015-2016:91515,train
2015-2016:91525,train
2015-2016:91527,train
2015-2016:91529,train
2015-2016:91530,test
2015-2016:91534,train
2015-2016:91536,validation
2015-2016:91544,validation
2015-2016:91555,train
2015-2016:91556,train
2015-2016:91566,train
2015-2016:91570,validation
2015-2016:91573,train
2015-2016:91581,train
2015-2016:91582,train
2015-2016:91589,test
2015-2016:91597,validation
2015-2016:91603,train
2015-2016:91605,train
2015-2016:91606,validation
2015-2016:91608,train
2015-2016:91611,train
2015-2016:91618,validation
2015-2016:91621,train
2015-2016:91622,train
2015-2016:91627,train
2015-2016:91630,validation
2015-2016:91633,train
2015-2016:91635,validation
2015-2016:91642,test
2015-2016:91643,test
2015-2016:91644,train
2015-2016:91645,test
2015-2016:91652,train
2015-2016:91659,train
2015-2016:91665,validation
2015-2016:91667,validation
2015-2016:91675,test
2015-2016:91677,train
2015-2016:91683,train
2015-2016:91709,train
2015-2016:91711,train
2015-2016:91721,train
2015-2016:91722,train
2015-2016:91732,train
2015-2016:91734,train
2015-2016:91744,train
2015-2016:91749,train
2015-2016:91750,validation
2015-2016:91753,train
2015-2016:91756,train
2015-2016:91758,test
2015-2016:91771,train
2015-2016:91784,validation
2015-2016:91785,train
2015-2016:91787,test
2015-2016:91788,train
2015-2016:91790,train
2015-2016:91792,train
2015-2016:91801,train
2015-2016:91803,test
2015-2016:91806,test
2015-2016:91810,train
2015-2016:91812,test
2015-2016:91814,train
2015-2016:91821,train
2015-2016:91824,test
2015-2016:91833,train
2015-2016:91834,train
2015-2016:91838,train
2015-2016:91839,validation
2015-2016:91840,train
2015-2016:91842,train
2015-2016:91850,train
2015-2016:91852,validation
2015-2016:91853,train
2015-2016:91862,train
2015-2016:91865,train
2015-2016:91869,train
2015-2016:91874,test
2015-2016:91880,train
2015-2016:91884,test
2015-2016:91887,train
2015-2016:91888,test
2015-2016:91892,train
2015-2016:91893,train
2015-2016:91897,test
2015-2016:91899,train
2015-2016:91900,train
2015-2016:91903,train
2015-2016:91904,test
2015-2016:91910,test
2015-2016:91911,test
2015-2016:91916,test
2015-2016:91921,validation
2015-2016:91922,train
2015-2016:91927,train
2015-2016:91928,train
2015-2016:91932,test
2015-2016:91945,validation
2015-2016:91954,train
2015-2016:91957,train
2015-2016:91960,train
2015-2016:91964,test
2015-2016:91983,train
2015-2016:91984,train
2015-2016:91996,test
2015-2016:91997,validation
2015-2016:91999,train
2015-2016:92010,train
2015-2016:92020,validation
2015-2016:92037,train
2015-2016:92043,train
2015-2016:92050,train
2015-2016:92051,train
2015-2016:92055,train
2015-2016:92059,train
2015-2016:92078,train
2015-2016:92081,train
2015-2016:92089,train
2015-2016:92092,train
2015-2016:92110,train
2015-2016:92116,train
2015-2016:92119,train
2015-2016:92124,train
2015-2016:92128,train
2015-2016:92129,train
2015-2016:92131,train
2015-2016:92143,test
2015-2016:92152,validation
2015-2016:92159,train
2015-2016:92160,train
2015-2016:92171,train
2015-2016:92179,train
2015-2016:92184,train
2015-2016:92189,train
2015-2016:92190,train
2015-2016:92198,train
2015-2016:92203,train
2015-2016:92204,test
2015-2016:92206,test
2015-2016:92207,train
2015-2016:92210,train
2015-2016:92212,validation
2015-2016:92216,train
2015-2016:92217,validation
2015-2016:92220,validation
2015-2016:92221,test
2015-2016:92225,train
2015-2016:92226,train
2015-2016:92229,validation
2015-2016:92230,test
2015-2016:92239,train
2015-2016:92247,train
2015-2016:92250,train
2015-2016:92252,train
2015-2016:92253,train
2015-2016:92258,train
2015-2016:92287,train
2015-2016:92297,train
2015-2016:92298,train
2015-2016:92299,validation
2015-2016:92300,validation
2015-2016:92307,train
2015-2016:92314,train
2015-2016:92319,train
2015-2016:92320,train
2015-2016:92335,train
2015-2016:92337,train
2015-2016:92338,train
2015-2016:92343,train
2015-2016:92349,train
2015-2016:92353,test
2015-2016:92358,validation
2015-2016:92363,train
2015-2016:92368,validation
2015-2016:92386,train
2015-2016:92389,test
2015-2016:92403,train
2015-2016:92412,train
2015-2016:92413,validation
2015-2016:92419,test
2015-2016:92420,train
2015-2016:92423,train
2015-2016:92427,train
2015-2016:92428,test
2015-2016:92433,train
2015-2016:92448,test
2015-2016:92455,train
2015-2016:92458,train
2015-2016:92478,test
2015-2016:92485,train
2015-2016:92490,train
2015-2016:92492,train
2015-2016:92496,train
2015-2016:92497,train
2015-2016:92499,train
2015-2016:92500,train
2015-2016:92506,train
2015-2016:92510,train
2015-2016:92521,train
2015-2016:92524,train
2015-2016:92526,validation
2015-2016:92533,train
2015-2016:92536,train
2015-2016:92539,train
2015-2016:92540,train
2015-2016:92542,train
2015-2016:92545,validation
2015-2016:92554,train
2015-2016:92566,train
2015-2016:92567,train
2015-2016:92568,train
2015-2016:92574,train
2015-2016:92576,validation
2015-2016:92577,train
2015-2016:92586,train
2015-2016:92590,train
2015-2016:92592,train
2015-2016:92597,train
2015-2016:92598,train
2015-2016:92599,train
2015-2016:92624,train
2015-2016:92631,train
2015-2016:92633,train
2015-2016:92634,train
2015-2016:92641,validation
2015-2016:92642,train
2015-2016:92643,train
2015-2016:92653,train
2015-2016:92657,train
2015-2016:92659,test
2015-2016:92662,train
2015-2016:92663,train
2015-2016:92667,train
2015-2016:92670,train
2015-2016:92674,train
2015-2016:92675,test
2015-2016:92681,train
2015-2016:92690,test
2015-2016:92701,train
2015-2016:92703,train
2015-2016:92715,train
2015-2016:92720,train
2015-2016:92732,train
2015-2016:92737,train
2015-2016:92741,train
2015-2016:92742,train
2015-2016:92743,train
2015-2016:92750,train
2015-2016:92759,train
2015-2016:92761,train
2015-2016:92762,train
2015-2016:92768,validation
2015-2016:92773,train
2015-2016:92788,train
2015-2016:92804,train
2015-2016:92806,test
2015-2016:92812,train
2015-2016:92813,train
2015-2016:92815,train
2015-2016:92817,train
2015-2016:92821,train
2015-2016:92824,validation
2015-2016:92826,train
2015-2016:92827,validation
2015-2016:92832,train
2015-2016:92838,train
2015-2016:92839,test
2015-2016:92845,test
2015-2016:92846,train
2015-2016:92849,train
2015-2016:92854,validation
2015-2016:92858,train
2015-2016:92861,train
2015-2016:92872,train
2015-2016:92878,test
2015-2016:92893,validation
2015-2016:92908,train
2015-2016:92918,train
2015-2016:92921,train
2015-2016:92922,train
2015-2016:92933,train
2015-2016:92939,train
2015-2016:92950,test
2015-2016:92957,train
2015-2016:92961,train
2015-2016:92965,train
2015-2016:92969,train
2015-2016:92975,test
2015-2016:92977,train
2015-2016:92982,validation
2015-2016:92985,validation
2015-2016:92991,train
2015-2016:92998,validation
2015-2016:93000,train
2015-2016:93002,train
2015-2016:93003,validation
2015-2016:93015,train
2015-2016:93016,validation
2015-2016:93024,train
2015-2016:93030,train
2015-2016:93031,train
2015-2016:93039,train
2015-2016:93043,train
2015-2016:93050,test
2015-2016:93065,train
2015-2016:93070,train
2015-2016:93072,train
2015-2016:93073,validation
2015-2016:93074,train
2015-2016:93075,validation
2015-2016:93086,train
2015-2016:93098,train
2015-2016:93100,train
2015-2016:93111,test
2015-2016:93115,train
2015-2016:93120,train
2015-2016:93124,train
2015-2016:93130,test
2015-2016:93135,test
2015-2016:93161,test
2015-2016:93162,train
2015-2016:93169,train
2015-2016:93174,validation
2015-2016:93181,train
2015-2016:93185,train
2015-2016:93189,train
2015-2016:93196,test
2015-2016:93200,train
2015-2016:93202,train
2015-2016:93206,train
2015-2016:93208,test
2015-2016:93209,train
2015-2016:93217,test
2015-2016:93218,train
2015-2016:93222,test
2015-2016:93228,train
2015-2016:93231,train
2015-2016:93235,validation
2015-2016:93238,train
2015-2016:93239,train
2015-2016:93240,validation
2015-2016:93244,validation
2015-2016:93250,train
2015-2016:93253,train
2015-2016:93260,train
2015-2016:93261,train
2015-2016:93262,test
2015-2016:93272,train
2015-2016:93275,train
2015-2016:93279,validation
2015-2016:93285,train
2015-2016:93294,train
2015-2016:93299,validation
2015-2016:93305,test
2015-2016:93306,validation
2015-2016:93317,train
2015-2016:93319,test
2015-2016:93322,validation
2015-2016:93325,validation
2015-2016:93330,train
2015-2016:93333,train
2015-2016:93340,validation
2015-2016:93345,train
2015-2016:93352,train
2015-2016:93361,test
2015-2016:93365,validation
2015-2016:93368,validation
2015-2016:93374,test
2015-2016:93375,train
2015-2016:93383,train
2015-2016:93384,train
2015-2016:93391,train
2015-2016:93392,train
2015-2016:93396,train
2015-2016:93412,train
2015-2016:93413,train
2015-2016:93417,train
2015-2016:93428,train
2015-2016:93429,test
2015-2016:93430,train
2015-2016:93434,train
2015-2016:93436,train
2015-2016:93438,train
2015-2016:93457,train
2015-2016:93459,train
2015-2016:93476,validation
2015-2016:93483,validation
2015-2016:93488,train
2015-2016:93493,train
2015-2016:93495,train
2015-2016:93499,train
2015-2016:93502,test
2015-2016:93503,validation
2015-2016:93508,validation
2015-2016:93509,validation
2015-2016:93511,train
2015-2016:93514,test
2015-2016:93524,train
2015-2016:93529,validation
2015-2016:93531,train
2015-2016:93535,train
2015-2016:93537,train
2015-2016:93539,train
2015-2016:93544,train
2015-2016:93545,test
2015-2016:93549,validation
2015-2016:93555,train
2015-2016:93556,test
2015-2016:93562,train
2015-2016:93567,train
2015-2016:93600,train
2015-2016:93602,test
2015-2016:93606,train
2015-2016:93610,validation
2015-2016:93612,train
2015-2016:93614,test
2015-2016:93643,validation
2015-2016:93644,train
2015-2016:93646,train
2015-2016:93654,test
2015-2016:93661,validation
2015-2016:93668,train
2015-2016:93672,train
2015-2016:93677,train
2015-2016:93686,test
2015-2016:93687,validation
2015-2016:93689,train
2015-2016:93695,train
2015-2016:93702,train
2021-2023:130380,train
2021-2023:130387,train
2021-2023:130391,train
2021-2023:130392,train
2021-2023:130396,train
2021-2023:130397,train
2021-2023:130404,train
2021-2023:130406,test
2021-2023:130407,train
2021-2023:130413,train
2021-2023:130419,train
2021-2023:130430,train
2021-2023:130433,train
2021-2023:130437,train
2021-2023:130444,train
2021-2023:130456,test
2021-2023:130457,test
2021-2023:130461,train
2021-2023:130473,test
2021-2023:130478,train
2021-2023:130480,train
2021-2023:130500,train
2021-2023:130506,test
2021-2023:130515,train
2021-2023:130523,train
2021-2023:130530,train
2021-2023:130541,train
2021-2023:130542,train
2021-2023:130550,train
2021-2023:130552,train
2021-2023:130553,train
2021-2023:130556,train
2021-2023:130568,train
2021-2023:130569,train
2021-2023:130571,train
2021-2023:130587,test
2021-2023:130590,train
2021-2023:130596,validation
2021-2023:130599,train
2021-2023:130601,validation
2021-2023:130607,test
2021-2023:130609,test
2021-2023:130617,train
2021-2023:130623,validation
2021-2023:130634,train
2021-2023:130636,validation
2021-2023:130640,train
2021-2023:130645,test
2021-2023:130665,train
2021-2023:130670,train
2021-2023:130671,train
2021-2023:130674,train
2021-2023:130676,validation
2021-2023:130683,train
2021-2023:130697,train
2021-2023:130698,test
2021-2023:130701,train
2021-2023:130703,train
2021-2023:130707,train
2021-2023:130708,train
2021-2023:130717,test
2021-2023:130725,train
2021-2023:130729,train
2021-2023:130730,validation
2021-2023:130742,train
2021-2023:130744,train
2021-2023:130745,validation
2021-2023:130761,train
2021-2023:130762,train
2021-2023:130763,train
2021-2023:130776,train
2021-2023:130779,train
2021-2023:130780,train
2021-2023:130791,train
2021-2023:130792,train
2021-2023:130800,validation
2021-2023:130807,validation
2021-2023:130828,test
2021-2023:130829,train
2021-2023:130833,train
2021-2023:130846,train
2021-2023:130848,train
2021-2023:130850,train
2021-2023:130855,validation
2021-2023:130857,test
2021-2023:130861,train
2021-2023:130865,validation
2021-2023:130871,train
2021-2023:130878,train
2021-2023:130881,validation
2021-2023:130888,test
2021-2023:130893,train
2021-2023:130895,train
2021-2023:130899,validation
2021-2023:130900,train
2021-2023:130911,train
2021-2023:130922,train
2021-2023:130923,train
2021-2023:130926,train
2021-2023:130928,validation
2021-2023:130936,train
2021-2023:130939,validation
2021-2023:130944,train
2021-2023:130949,validation
2021-2023:130951,train
2021-2023:130960,validation
2021-2023:130964,train
2021-2023:130966,validation
2021-2023:130968,train
2021-2023:130972,train
2021-2023:130981,train
2021-2023:130982,train
2021-2023:130988,train
2021-2023:130995,train
2021-2023:131001,validation
2021-2023:131002,train
2021-2023:131006,train
2021-2023:131007,train
2021-2023:131017,train
2021-2023:131019,train
2021-2023:131023,train
2021-2023:131031,test
2021-2023:131032,train
2021-2023:131033,test
2021-2023:131044,train
2021-2023:131049,train
2021-2023:131056,train
2021-2023:131060,train
2021-2023:131063,train
2021-2023:131064,test
2021-2023:131082,validation
2021-2023:131084,test
2021-2023:131086,train
2021-2023:131094,train
2021-2023:131097,train
2021-2023:131099,train
2021-2023:131102,test
2021-2023:131106,validation
2021-2023:131108,test
2021-2023:131120,train
2021-2023:131130,validation
2021-2023:131139,test
2021-2023:131144,train
2021-2023:131147,train
2021-2023:131157,train
2021-2023:131169,train
2021-2023:131173,validation
2021-2023:131182,validation
2021-2023:131183,train
2021-2023:131195,train
2021-2023:131209,train
2021-2023:131211,train
2021-2023:131215,train
2021-2023:131221,train
2021-2023:131225,train
2021-2023:131226,train
2021-2023:131240,validation
2021-2023:131242,train
2021-2023:131248,train
2021-2023:131249,test
2021-2023:131250,train
2021-2023:131268,test
2021-2023:131277,train
2021-2023:131287,train
2021-2023:131291,train
2021-2023:131297,train
2021-2023:131300,train
2021-2023:131307,train
2021-2023:131309,train
2021-2023:131312,train
2021-2023:131315,validation
2021-2023:131327,train
2021-2023:131332,validation
2021-2023:131349,test
2021-2023:131353,train
2021-2023:131362,test
2021-2023:131363,train
2021-2023:131366,train
2021-2023:131368,train
2021-2023:131372,train
2021-2023:131373,train
2021-2023:131379,test
2021-2023:131387,train
2021-2023:131391,train
2021-2023:131396,validation
2021-2023:131400,train
2021-2023:131408,train
2021-2023:131412,test
2021-2023:131416,train
2021-2023:131426,train
2021-2023:131433,validation
2021-2023:131437,train
2021-2023:131438,train
2021-2023:131444,validation
2021-2023:131452,train
2021-2023:131455,train
2021-2023:131457,validation
2021-2023:131463,train
2021-2023:131476,train
2021-2023:131481,test
2021-2023:131483,train
2021-2023:131495,train
2021-2023:131498,train
2021-2023:131506,train
2021-2023:131507,train
2021-2023:131508,train
2021-2023:131510,train
2021-2023:131512,test
2021-2023:131513,train
2021-2023:131521,train
2021-2023:131530,train
2021-2023:131532,train
2021-2023:131538,train
2021-2023:131541,train
2021-2023:131544,test
2021-2023:131549,train
2021-2023:131550,train
2021-2023:131554,validation
2021-2023:131556,train
2021-2023:131561,train
2021-2023:131568,train
2021-2023:131594,train
2021-2023:131602,validation
2021-2023:131604,train
2021-2023:131619,validation
2021-2023:131621,validation
2021-2023:131624,train
2021-2023:131625,train
2021-2023:131631,test
2021-2023:131637,train
2021-2023:131658,train
2021-2023:131669,train
2021-2023:131671,test
2021-2023:131681,train
2021-2023:131701,train
2021-2023:131702,train
2021-2023:131708,test
2021-2023:131713,validation
2021-2023:131714,validation
2021-2023:131716,train
2021-2023:131730,test
2021-2023:131736,test
2021-2023:131742,train
2021-2023:131752,validation
2021-2023:131756,train
2021-2023:131760,test
2021-2023:131762,train
2021-2023:131773,train
2021-2023:131775,test
2021-2023:131782,train
2021-2023:131796,train
2021-2023:131798,train
2021-2023:131803,test
2021-2023:131804,test
2021-2023:131807,train
2021-2023:131816,train
2021-2023:131828,train
2021-2023:131833,train
2021-2023:131840,train
2021-2023:131851,train
2021-2023:131866,test
2021-2023:131867,validation
2021-2023:131871,train
2021-2023:131875,validation
2021-2023:131876,train
2021-2023:131891,train
2021-2023:131898,train
2021-2023:131936,test
2021-2023:131938,validation
2021-2023:131939,test
2021-2023:131940,train
2021-2023:131944,train
2021-2023:131948,train
2021-2023:131962,train
2021-2023:131970,train
2021-2023:131972,train
2021-2023:131974,train
2021-2023:131976,train
2021-2023:131988,train
2021-2023:131992,train
2021-2023:131999,train
2021-2023:132006,test
2021-2023:132028,train
2021-2023:132029,train
2021-2023:132048,train
2021-2023:132056,train
2021-2023:132059,test
2021-2023:132071,validation
2021-2023:132085,test
2021-2023:132088,validation
2021-2023:132093,validation
2021-2023:132102,test
2021-2023:132109,test
2021-2023:132116,train
2021-2023:132121,train
2021-2023:132124,test
2021-2023:132132,train
2021-2023:132134,train
2021-2023:132141,validation
2021-2023:132142,validation
2021-2023:132143,test
2021-2023:132146,train
2021-2023:132147,validation
2021-2023:132151,train
2021-2023:132155,train
2021-2023:132185,train
2021-2023:132192,train
2021-2023:132197,test
2021-2023:132198,train
2021-2023:132201,validation
2021-2023:132202,train
2021-2023:132211,train
2021-2023:132236,train
2021-2023:132243,train
2021-2023:132245,train
2021-2023:132253,train
2021-2023:132256,validation
2021-2023:132260,validation
2021-2023:132262,train
2021-2023:132267,train
2021-2023:132271,train
2021-2023:132280,test
2021-2023:132282,validation
2021-2023:132289,train
2021-2023:132297,train
2021-2023:132302,train
2021-2023:132309,train
2021-2023:132310,train
2021-2023:132312,train
2021-2023:132316,train
2021-2023:132318,validation
2021-2023:132322,validation
2021-2023:132326,train
2021-2023:132333,train
2021-2023:132335,train
2021-2023:132336,train
2021-2023:132337,train
2021-2023:132339,train
2021-2023:132341,train
2021-2023:132342,test
2021-2023:132351,train
2021-2023:132352,train
2021-2023:132354,train
2021-2023:132358,train
2021-2023:132363,train
2021-2023:132366,train
2021-2023:132386,validation
2021-2023:132389,train
2021-2023:132393,train
2021-2023:132394,validation
2021-2023:132399,train
2021-2023:132402,train
2021-2023:132407,train
2021-2023:132412,test
2021-2023:132422,validation
2021-2023:132425,train
2021-2023:132433,train
2021-2023:132445,train
2021-2023:132454,train
2021-2023:132471,train
2021-2023:132474,test
2021-2023:132479,validation
2021-2023:132486,test
2021-2023:132505,train
2021-2023:132507,validation
2021-2023:132508,test
2021-2023:132514,validation
2021-2023:132522,validation
2021-2023:132523,train
2021-2023:132526,train
2021-2023:132529,validation
2021-2023:132534,train
2021-2023:132550,test
2021-2023:132552,train
2021-2023:132554,train
2021-2023:132556,train
2021-2023:132559,train
2021-2023:132560,train
2021-2023:132570,train
2021-2023:132571,test
2021-2023:132579,train
2021-2023:132584,train
2021-2023:132585,train
2021-2023:132591,test
2021-2023:132596,train
2021-2023:132601,validation
2021-2023:132610,validation
2021-2023:132619,train
2021-2023:132632,train
2021-2023:132633,test
2021-2023:132638,train
2021-2023:132645,train
2021-2023:132655,train
2021-2023:132667,test
2021-2023:132672,test
2021-2023:132675,test
2021-2023:132676,train
2021-2023:132691,train
2021-2023:132696,test
2021-2023:132699,train
2021-2023:132705,train
2021-2023:132706,validation
2021-2023:132710,test
2021-2023:132720,test
2021-2023:132724,train
2021-2023:132727,train
2021-2023:132728,train
2021-2023:132732,train
2021-2023:132733,train
2021-2023:132741,validation
2021-2023:132746,train
2021-2023:132749,train
2021-2023:132754,train
2021-2023:132755,test
2021-2023:132757,train
2021-2023:132758,train
2021-2023:132761,test
2021-2023:132762,train
2021-2023:132782,train
2021-2023:132784,validation
2021-2023:132785,test
2021-2023:132804,validation
2021-2023:132805,train
2021-2023:132807,test
2021-2023:132817,train
2021-2023:132818,validation
2021-2023:132821,train
2021-2023:132832,validation
2021-2023:132838,train
2021-2023:132850,test
2021-2023:132851,train
2021-2023:132855,train
2021-2023:132864,train
2021-2023:132868,validation
2021-2023:132871,train
2021-2023:132872,validation
2021-2023:132880,validation
2021-2023:132881,train
2021-2023:132889,train
2021-2023:132891,train
2021-2023:132904,train
2021-2023:132910,train
2021-2023:132913,train
2021-2023:132914,test
2021-2023:132917,train
2021-2023:132925,train
2021-2023:132926,train
2021-2023:132932,train
2021-2023:132941,test
2021-2023:132949,train
2021-2023:132952,validation
2021-2023:132958,train
2021-2023:132964,test
2021-2023:132970,test
2021-2023:132971,validation
2021-2023:132972,train
2021-2023:132983,validation
2021-2023:132990,train
2021-2023:132994,test
2021-2023:133001,train
2021-2023:133010,test
2021-2023:133013,train
2021-2023:133014,validation
2021-2023:133015,train
2021-2023:133020,train
2021-2023:133023,train
2021-2023:133033,train
2021-2023:133034,test
2021-2023:133035,validation
2021-2023:133038,train
2021-2023:133040,test
2021-2023:133041,train
2021-2023:133044,train
2021-2023:133049,validation
2021-2023:133051,test
2021-2023:133056,train
2021-2023:133057,validation
2021-2023:133058,test
2021-2023:133068,test
2021-2023:133074,train
2021-2023:133075,train
2021-2023:133082,train
2021-2023:133086,train
2021-2023:133089,train
2021-2023:133097,validation
2021-2023:133104,train
2021-2023:133105,train
2021-2023:133106,train
2021-2023:133109,train
2021-2023:133115,train
2021-2023:133117,test
2021-2023:133118,train
2021-2023:133127,train
2021-2023:133130,test
2021-2023:133131,test
2021-2023:133140,train
2021-2023:133150,train
2021-2023:133161,train
2021-2023:133169,test
2021-2023:133170,validation
2021-2023:133192,train
2021-2023:133194,validation
2021-2023:133198,train
2021-2023:133206,train
2021-2023:133209,test
2021-2023:133222,train
2021-2023:133224,train
2021-2023:133225,train
2021-2023:133231,test
2021-2023:133233,test
2021-2023:133243,train
2021-2023:133246,train
2021-2023:133250,train
2021-2023:133253,validation
2021-2023:133261,train
2021-2023:133262,train
2021-2023:133267,test
2021-2023:133277,train
2021-2023:133283,train
2021-2023:133284,train
2021-2023:133285,test
2021-2023:133298,train
2021-2023:133302,train
2021-2023:133305,train
2021-2023:133310,train
2021-2023:133312,test
2021-2023:133316,train
2021-2023:133324,train
2021-2023:133330,train
2021-2023:133335,test
2021-2023:133336,validation
2021-2023:133337,train
2021-2023:133340,train
2021-2023:133342,train
2021-2023:133353,validation
2021-2023:133358,validation
2021-2023:133369,test
2021-2023:133370,test
2021-2023:133378,train
2021-2023:133382,train
2021-2023:133383,train
2021-2023:133390,validation
2021-2023:133396,train
2021-2023:133399,train
2021-2023:133400,validation
2021-2023:133406,train
2021-2023:133427,test
2021-2023:133434,test
2021-2023:133439,train
2021-2023:133441,train
2021-2023:133444,train
2021-2023:133457,train
2021-2023:133465,train
2021-2023:133470,test
2021-2023:133476,validation
2021-2023:133477,test
2021-2023:133478,validation
2021-2023:133489,train
2021-2023:133511,train
2021-2023:133520,test
2021-2023:133524,train
2021-2023:133525,train
2021-2023:133535,train
2021-2023:133538,train
2021-2023:133543,train
2021-2023:133547,validation
2021-2023:133548,test
2021-2023:133551,train
2021-2023:133555,test
2021-2023:133560,train
2021-2023:133569,validation
2021-2023:133583,test
2021-2023:133590,train
2021-2023:133595,train
2021-2023:133598,train
2021-2023:133613,train
2021-2023:133617,train
2021-2023:133621,train
2021-2023:133624,train
2021-2023:133638,train
2021-2023:133640,train
2021-2023:133641,train
2021-2023:133646,train
2021-2023:133648,train
2021-2023:133659,test
2021-2023:133669,validation
2021-2023:133676,train
2021-2023:133680,validation
2021-2023:133683,train
2021-2023:133685,train
2021-2023:133693,train
2021-2023:133700,train
2021-2023:133702,train
2021-2023:133712,train
2021-2023:133717,validation
2021-2023:133723,train
2021-2023:133725,train
2021-2023:133726,train
2021-2023:133730,train
2021-2023:133742,test
2021-2023:133751,validation
2021-2023:133760,train
2021-2023:133765,train
2021-2023:133769,train
2021-2023:133772,validation
2021-2023:133773,validation
2021-2023:133779,train
2021-2023:133780,validation
2021-2023:133784,train
2021-2023:133791,validation
2021-2023:133799,train
2021-2023:133801,train
2021-2023:133810,train
2021-2023:133817,train
2021-2023:133831,train
2021-2023:133835,train
2021-2023:133843,validation
2021-2023:133849,train
2021-2023:133852,train
2021-2023:133857,train
2021-2023:133858,train
2021-2023:133859,test
2021-2023:133868,train
2021-2023:133870,validation
2021-2023:133895,train
2021-2023:133909,train
2021-2023:133911,train
2021-2023:133915,train
2021-2023:133921,validation
2021-2023:133934,train
2021-2023:133936,train
2021-2023:133937,train
2021-2023:133938,train
2021-2023:133940,train
2021-2023:133943,validation
2021-2023:133949,train
2021-2023:133950,train
2021-2023:133954,test
2021-2023:133956,train
2021-2023:133981,train
2021-2023:133992,train
2021-2023:133997,train
2021-2023:134002,train
2021-2023:134003,test
2021-2023:134006,train
2021-2023:134007,train
2021-2023:134010,test
2021-2023:134021,train
2021-2023:134022,test
2021-2023:134024,train
2021-2023:134025,train
2021-2023:134029,validation
2021-2023:134045,train
2021-2023:134049,train
2021-2023:134051,train
2021-2023:134054,test
2021-2023:134071,validation
2021-2023:134072,test
2021-2023:134083,train
2021-2023:134084,train
2021-2023:134089,train
2021-2023:134090,train
2021-2023:134092,validation
2021-2023:134093,train
2021-2023:134095,validation
2021-2023:134105,test
2021-2023:134106,train
2021-2023:134129,train
2021-2023:134141,train
2021-2023:134146,test
2021-2023:134151,train
2021-2023:134166,train
2021-2023:134169,train
2021-2023:134171,train
2021-2023:134172,train
2021-2023:134184,train
2021-2023:134186,train
2021-2023:134187,train
2021-2023:134201,validation
2021-2023:134210,test
2021-2023:134215,test
2021-2023:134217,train
2021-2023:134218,test
2021-2023:134225,train
2021-2023:134227,train
2021-2023:134233,train
2021-2023:134234,train
2021-2023:134235,train
2021-2023:134237,train
2021-2023:134249,test
2021-2023:134253,train
2021-2023:134254,train
2021-2023:134262,validation
2021-2023:134264,train
2021-2023:134265,train
2021-2023:134268,train
2021-2023:134269,train
2021-2023:134271,test
2021-2023:134272,train
2021-2023:134280,test
2021-2023:134284,train
2021-2023:134298,validation
2021-2023:134311,train
2021-2023:134312,validation
2021-2023:134319,validation
2021-2023:134323,train
2021-2023:134332,train
2021-2023:134337,test
2021-2023:134340,train
2021-2023:134350,train
2021-2023:134356,train
2021-2023:134357,train
2021-2023:134366,test
2021-2023:134373,train
2021-2023:134383,validation
2021-2023:134388,test
2021-2023:134389,train
2021-2023:134392,test
2021-2023:134403,train
2021-2023:134404,train
2021-2023:134407,train
2021-2023:134412,train
2021-2023:134414,train
2021-2023:134425,train
2021-2023:134453,train
2021-2023:134457,train
2021-2023:134464,train
2021-2023:134467,train
2021-2023:134489,train
2021-2023:134506,train
2021-2023:134507,train
2021-2023:134511,train
2021-2023:134530,train
2021-2023:134531,train
2021-2023:134533,test
2021-2023:134535,train
2021-2023:134536,train
2021-2023:134538,train
2021-2023:134550,train
2021-2023:134560,test
2021-2023:134564,train
2021-2023:134571,train
2021-2023:134572,train
2021-2023:134574,train
2021-2023:134582,train
2021-2023:134583,train
2021-2023:134585,train
2021-2023:134590,train
2021-2023:134591,train
2021-2023:134598,validation
2021-2023:134602,test
2021-2023:134609,train
2021-2023:134612,train
2021-2023:134613,test
2021-2023:134616,train
2021-2023:134617,train
2021-2023:134625,validation
2021-2023:134626,train
2021-2023:134634,validation
2021-2023:134645,validation
2021-2023:134665,test
2021-2023:134666,train
2021-2023:134675,train
2021-2023:134676,train
2021-2023:134677,train
2021-2023:134683,train
2021-2023:134684,validation
2021-2023:134712,train
2021-2023:134713,test
2021-2023:134721,train
2021-2023:134722,train
2021-2023:134724,train
2021-2023:134726,test
2021-2023:134730,train
2021-2023:134746,train
2021-2023:134753,train
2021-2023:134759,test
2021-2023:134770,train
2021-2023:134771,train
2021-2023:134772,train
2021-2023:134778,train
2021-2023:134781,validation
2021-2023:134791,test
2021-2023:134802,train
2021-2023:134804,train
2021-2023:134805,train
2021-2023:134806,validation
2021-2023:134812,train
2021-2023:134821,train
2021-2023:134824,train
2021-2023:134825,train
2021-2023:134826,train
2021-2023:134831,train
2021-2023:134834,train
2021-2023:134845,train
2021-2023:134850,test
2021-2023:134851,test
2021-2023:134859,train
2021-2023:134874,train
2021-2023:134879,validation
2021-2023:134886,train
2021-2023:134890,train
2021-2023:134896,train
2021-2023:134902,train
2021-2023:134910,train
2021-2023:134919,train
2021-2023:134922,train
2021-2023:134926,train
2021-2023:134927,test
2021-2023:134928,validation
2021-2023:134929,test
2021-2023:134935,train
2021-2023:134940,train
2021-2023:134941,train
2021-2023:134945,train
2021-2023:134947,validation
2021-2023:134951,train
2021-2023:134953,validation
2021-2023:134962,train
2021-2023:134963,train
2021-2023:134965,train
2021-2023:134967,test
2021-2023:134969,train
2021-2023:134970,train
2021-2023:134972,train
2021-2023:134976,train
2021-2023:134980,test
2021-2023:134992,train
2021-2023:134995,train
2021-2023:134998,test
2021-2023:135000,train
2021-2023:135003,train
2021-2023:135011,test
2021-2023:135024,validation
2021-2023:135035,train
2021-2023:135036,train
2021-2023:135039,train
2021-2023:135041,train
2021-2023:135043,train
2021-2023:135057,train
2021-2023:135066,validation
2021-2023:135069,test
2021-2023:135072,validation
2021-2023:135077,train
2021-2023:135078,train
2021-2023:135093,train
2021-2023:135095,train
2021-2023:135101,train
2021-2023:135103,train
2021-2023:135108,validation
2021-2023:135124,train
2021-2023:135126,train
2021-2023:135129,train
2021-2023:135131,validation
2021-2023:135134,test
2021-2023:135138,test
2021-2023:135142,train
2021-2023:135146,train
2021-2023:135150,train
2021-2023:135153,train
2021-2023:135156,validation
2021-2023:135176,train
2021-2023:135181,test
2021-2023:135189,validation
2021-2023:135194,test
2021-2023:135199,train
2021-2023:135203,train
2021-2023:135210,test
2021-2023:135216,train
2021-2023:135223,train
2021-2023:135227,train
2021-2023:135238,train
2021-2023:135240,train
2021-2023:135241,train
2021-2023:135249,validation
2021-2023:135270,train
2021-2023:135287,validation
2021-2023:135300,train
2021-2023:135302,train
2021-2023:135305,validation
2021-2023:135308,train
2021-2023:135312,test
2021-2023:135314,train
2021-2023:135316,test
2021-2023:135318,test
2021-2023:135330,validation
2021-2023:135339,train
2021-2023:135344,validation
2021-2023:135345,train
2021-2023:135346,train
2021-2023:135358,train
2021-2023:135372,train
2021-2023:135375,validation
2021-2023:135382,validation
2021-2023:135388,test
2021-2023:135389,train
2021-2023:135404,train
2021-2023:135405,train
2021-2023:135407,train
2021-2023:135413,train
2021-2023:135423,test
2021-2023:135427,train
2021-2023:135428,train
2021-2023:135432,train
2021-2023:135437,train
2021-2023:135447,test
2021-2023:135449,train
2021-2023:135450,test
2021-2023:135466,train
2021-2023:135470,test
2021-2023:135479,test
2021-2023:135485,test
2021-2023:135493,validation
2021-2023:135498,test
2021-2023:135503,train
2021-2023:135504,train
2021-2023:135517,train
2021-2023:135519,train
2021-2023:135535,train
2021-2023:135536,train
2021-2023:135546,train
2021-2023:135551,train
2021-2023:135555,train
2021-2023:135556,train
2021-2023:135564,train
2021-2023:135566,train
2021-2023:135573,test
2021-2023:135598,train
2021-2023:135609,test
2021-2023:135628,train
2021-2023:135638,train
2021-2023:135643,test
2021-2023:135650,train
2021-2023:135653,train
2021-2023:135654,test
2021-2023:135663,test
2021-2023:135672,train
2021-2023:135674,train
2021-2023:135682,validation
2021-2023:135688,train
2021-2023:135706,train
2021-2023:135712,train
2021-2023:135719,train
2021-2023:135733,train
2021-2023:135740,train
2021-2023:135745,validation
2021-2023:135747,validation
2021-2023:135768,train
2021-2023:135777,train
2021-2023:135781,train
2021-2023:135790,test
2021-2023:135792,train
2021-2023:135797,train
2021-2023:135823,validation
2021-2023:135826,train
2021-2023:135834,train
2021-2023:135844,train
2021-2023:135845,train
2021-2023:135848,train
2021-2023:135849,train
2021-2023:135851,validation
2021-2023:135858,test
2021-2023:135872,train
2021-2023:135876,test
2021-2023:135882,train
2021-2023:135893,train
2021-2023:135898,train
2021-2023:135906,train
2021-2023:135908,train
2021-2023:135914,train
2021-2023:135920,train
2021-2023:135928,validation
2021-2023:135938,train
2021-2023:135940,validation
2021-2023:135941,train
2021-2023:135943,train
2021-2023:135952,test
2021-2023:135955,test
2021-2023:135957,validation
2021-2023:135960,train
2021-2023:135962,train
2021-2023:135964,test
2021-2023:135966,train
2021-2023:135980,train
2021-2023:135982,train
2021-2023:135983,test
2021-2023:135991,train
2021-2023:136000,train
2021-2023:136008,test
2021-2023:136013,train
2021-2023:136018,train
2021-2023:136020,train
2021-2023:136025,train
2021-2023:136036,train
2021-2023:136040,train
2021-2023:136054,validation
2021-2023:136055,train
2021-2023:136057,train
2021-2023:136062,train
2021-2023:136079,test
2021-2023:136092,train
2021-2023:136093,test
2021-2023:136094,test
2021-2023:136095,train
2021-2023:136101,train
2021-2023:136106,train
2021-2023:136110,train
2021-2023:136113,validation
2021-2023:136114,train
2021-2023:136115,train
2021-2023:136118,train
2021-2023:136123,train
2021-2023:136132,train
2021-2023:136133,test
2021-2023:136144,test
2021-2023:136152,train
2021-2023:136153,train
2021-2023:136161,train
2021-2023:136172,train
2021-2023:136185,train
2021-2023:136190,train
2021-2023:136191,train
2021-2023:136198,train
2021-2023:136206,train
2021-2023:136211,validation
2021-2023:136222,validation
2021-2023:136227,train
2021-2023:136228,train
2021-2023:136231,train
2021-2023:136241,train
2021-2023:136243,test
2021-2023:136248,train
2021-2023:136251,train
2021-2023:136255,validation
2021-2023:136256,validation
2021-2023:136257,validation
2021-2023:136266,train
2021-2023:136267,train
2021-2023:136271,validation
2021-2023:136284,train
2021-2023:136294,train
2021-2023:136298,validation
2021-2023:136302,train
2021-2023:136307,train
2021-2023:136312,test
2021-2023:136318,train
2021-2023:136322,train
2021-2023:136332,train
2021-2023:136336,train
2021-2023:136352,test
2021-2023:136353,train
2021-2023:136354,train
2021-2023:136364,validation
2021-2023:136366,train
2021-2023:136379,train
2021-2023:136387,train
2021-2023:136389,train
2021-2023:136390,train
2021-2023:136392,train
2021-2023:136393,train
2021-2023:136399,train
2021-2023:136401,train
2021-2023:136402,train
2021-2023:136405,train
2021-2023:136409,train
2021-2023:136412,train
2021-2023:136424,train
2021-2023:136432,train
2021-2023:136439,validation
2021-2023:136449,test
2021-2023:136452,train
2021-2023:136457,test
2021-2023:136461,train
2021-2023:136462,train
2021-2023:136469,train
2021-2023:136474,validation
2021-2023:136475,train
2021-2023:136496,train
2021-2023:136509,train
2021-2023:136510,train
2021-2023:136512,train
2021-2023:136516,test
2021-2023:136522,train
2021-2023:136527,train
2021-2023:136536,train
2021-2023:136540,test
2021-2023:136541,train
2021-2023:136547,validation
2021-2023:136549,test
2021-2023:136562,train
2021-2023:136564,test
2021-2023:136573,validation
2021-2023:136577,train
2021-2023:136579,train
2021-2023:136586,test
2021-2023:136593,train
2021-2023:136601,validation
2021-2023:136609,validation
2021-2023:136626,train
2021-2023:136628,train
2021-2023:136636,train
2021-2023:136637,train
2021-2023:136638,test
2021-2023:136642,train
2021-2023:136643,train
2021-2023:136644,train
2021-2023:136646,train
2021-2023:136647,train
2021-2023:136652,train
2021-2023:136657,test
2021-2023:136663,validation
2021-2023:136667,train
2021-2023:136670,train
2021-2023:136673,train
2021-2023:136678,train
2021-2023:136685,train
2021-2023:136687,validation
2021-2023:136688,train
2021-2023:136693,train
2021-2023:136697,train
2021-2023:136699,train
2021-2023:136703,train
2021-2023:136705,train
2021-2023:136707,test
2021-2023:136714,train
2021-2023:136720,validation
2021-2023:136729,validation
2021-2023:136731,test
2021-2023:136733,test
2021-2023:136736,test
2021-2023:136740,test
2021-2023:136747,train
2021-2023:136758,validation
2021-2023:136770,train
2021-2023:136774,validation
2021-2023:136783,train
2021-2023:136784,train
2021-2023:136786,train
2021-2023:136787,test
2021-2023:136793,train
2021-2023:136794,train
2021-2023:136799,train
2021-2023:136801,test
2021-2023:136810,test
2021-2023:136812,train
2021-2023:136814,train
2021-2023:136816,train
2021-2023:136817,validation
2021-2023:136818,test
2021-2023:136822,validation
2021-2023:136831,test
2021-2023:136835,train
2021-2023:136836,train
2021-2023:136837,train
2021-2023:136839,train
2021-2023:136852,test
2021-2023:136860,train
2021-2023:136874,train
2021-2023:136875,validation
2021-2023:136883,test
2021-2023:136890,train
2021-2023:136909,train
2021-2023:136911,train
2021-2023:136929,train
2021-2023:136932,train
2021-2023:136938,train
2021-2023:136939,train
2021-2023:136941,train
2021-2023:136947,test
2021-2023:136951,train
2021-2023:136953,train
2021-2023:136956,train
2021-2023:136968,train
2021-2023:136969,validation
2021-2023:136972,train
2021-2023:136978,test
2021-2023:136993,test
2021-2023:136998,train
2021-2023:137007,train
2021-2023:137008,train
2021-2023:137009,validation
2021-2023:137012,validation
2021-2023:137013,train
2021-2023:137016,train
2021-2023:137028,test
2021-2023:137029,train
2021-2023:137031,test
2021-2023:137043,validation
2021-2023:137045,train
2021-2023:137046,train
2021-2023:137048,train
2021-2023:137056,test
2021-2023:137057,train
2021-2023:137058,train
2021-2023:137060,train
2021-2023:137061,train
2021-2023:137066,train
2021-2023:137068,train
2021-2023:137073,train
2021-2023:137076,test
2021-2023:137088,train
2021-2023:137090,test
2021-2023:137101,train
2021-2023:137102,train
2021-2023:137112,train
2021-2023:137119,train
2021-2023:137125,validation
2021-2023:137132,train
2021-2023:137133,train
2021-2023:137137,test
2021-2023:137139,train
2021-2023:137141,train
2021-2023:137149,validation
2021-2023:137153,train
2021-2023:137154,train
2021-2023:137157,test
2021-2023:137158,train
2021-2023:137159,validation
2021-2023:137160,train
2021-2023:137167,validation
2021-2023:137180,train
2021-2023:137186,test
2021-2023:137198,train
2021-2023:137207,validation
2021-2023:137208,train
2021-2023:137227,train
2021-2023:137237,train
2021-2023:137243,train
2021-2023:137246,validation
2021-2023:137249,train
2021-2023:137250,validation
2021-2023:137255,train
2021-2023:137256,train
2021-2023:137258,train
2021-2023:137259,train
2021-2023:137272,train
2021-2023:137276,train
2021-2023:137281,train
2021-2023:137284,train
2021-2023:137286,test
2021-2023:137302,train
2021-2023:137304,test
2021-2023:137305,test
2021-2023:137309,train
2021-2023:137316,validation
2021-2023:137323,train
2021-2023:137333,test
2021-2023:137334,train
2021-2023:137342,validation
2021-2023:137346,train
2021-2023:137348,train
2021-2023:137355,train
2021-2023:137369,train
2021-2023:137374,train
2021-2023:137375,train
2021-2023:137387,train
2021-2023:137399,train
2021-2023:137402,validation
2021-2023:137409,train
2021-2023:137410,train
2021-2023:137411,train
2021-2023:137414,train
2021-2023:137428,train
2021-2023:137438,train
2021-2023:137440,train
2021-2023:137461,train
2021-2023:137468,train
2021-2023:137472,train
2021-2023:137480,validation
2021-2023:137482,train
2021-2023:137483,train
2021-2023:137493,validation
2021-2023:137495,train
2021-2023:137504,test
2021-2023:137524,train
2021-2023:137526,train
2021-2023:137531,train
2021-2023:137532,train
2021-2023:137537,train
2021-2023:137544,train
2021-2023:137545,validation
2021-2023:137559,train
2021-2023:137567,train
2021-2023:137573,train
2021-2023:137580,train
2021-2023:137582,train
2021-2023:137585,train
2021-2023:137588,train
2021-2023:137593,train
2021-2023:137595,train
2021-2023:137603,train
2021-2023:137607,test
2021-2023:137608,train
2021-2023:137613,train
2021-2023:137614,train
2021-2023:137615,train
2021-2023:137625,validation
2021-2023:137626,train
2021-2023:137629,train
2021-2023:137631,train
2021-2023:137635,train
2021-2023:137641,train
2021-2023:137643,train
2021-2023:137649,validation
2021-2023:137652,train
2021-2023:137653,train
2021-2023:137659,train
2021-2023:137662,train
2021-2023:137680,train
2021-2023:137686,train
2021-2023:137688,train
2021-2023:137694,train
2021-2023:137696,train
2021-2023:137700,test
2021-2023:137706,train
2021-2023:137711,validation
2021-2023:137713,train
2021-2023:137718,train
2021-2023:137723,train
2021-2023:137725,train
2021-2023:137730,train
2021-2023:137748,train
2021-2023:137749,train
2021-2023:137752,test
2021-2023:137757,train
2021-2023:137777,train
2021-2023:137790,train
2021-2023:137803,test
2021-2023:137808,train
2021-2023:137809,train
2021-2023:137810,train
2021-2023:137811,train
2021-2023:137818,train
2021-2023:137823,train
2021-2023:137824,train
2021-2023:137829,train
2021-2023:137831,train
2021-2023:137833,train
2021-2023:137840,train
2021-2023:137845,train
2021-2023:137848,train
2021-2023:137850,test
2021-2023:137856,validation
2021-2023:137858,train
2021-2023:137860,train
2021-2023:137867,validation
2021-2023:137869,validation
2021-2023:137871,test
2021-2023:137876,validation
2021-2023:137879,train
2021-2023:137881,validation
2021-2023:137890,validation
2021-2023:137891,test
2021-2023:137900,train
2021-2023:137905,validation
2021-2023:137906,train
2021-2023:137909,train
2021-2023:137926,train
2021-2023:137932,train
2021-2023:137933,test
2021-2023:137936,train
2021-2023:137950,train
2021-2023:137955,train
2021-2023:137962,train
2021-2023:137964,train
2021-2023:137965,train
2021-2023:137970,train
2021-2023:137974,test
2021-2023:137975,train
2021-2023:137982,train
2021-2023:137985,train
2021-2023:137991,train
2021-2023:137996,train
2021-2023:137999,test
2021-2023:138001,train
2021-2023:138016,train
2021-2023:138021,test
2021-2023:138027,train
2021-2023:138031,validation
2021-2023:138036,train
2021-2023:138037,train
2021-2023:138040,train
2021-2023:138044,train
2021-2023:138053,train
2021-2023:138061,train
2021-2023:138064,train
2021-2023:138081,train
2021-2023:138089,train
2021-2023:138094,train
2021-2023:138101,train
2021-2023:138102,train
2021-2023:138108,train
2021-2023:138111,train
2021-2023:138116,train
2021-2023:138131,train
2021-2023:138132,train
2021-2023:138135,train
2021-2023:138138,test
2021-2023:138142,validation
2021-2023:138147,train
2021-2023:138150,test
2021-2023:138153,train
2021-2023:138156,train
2021-2023:138159,train
2021-2023:138160,train
2021-2023:138162,test
2021-2023:138167,train
2021-2023:138172,train
2021-2023:138178,train
2021-2023:138181,train
2021-2023:138194,train
2021-2023:138204,train
2021-2023:138214,train
2021-2023:138218,train
2021-2023:138219,train
2021-2023:138236,test
2021-2023:138239,test
2021-2023:138249,train
2021-2023:138250,validation
2021-2023:138255,test
2021-2023:138258,train
2021-2023:138261,test
2021-2023:138270,train
2021-2023:138271,train
2021-2023:138274,train
2021-2023:138276,train
2021-2023:138280,train
2021-2023:138286,validation
2021-2023:138292,test
2021-2023:138302,train
2021-2023:138308,test
2021-2023:138338,test
2021-2023:138341,test
2021-2023:138343,train
2021-2023:138350,train
2021-2023:138352,validation
2021-2023:138357,validation
2021-2023:138359,train
2021-2023:138364,train
2021-2023:138367,train
2021-2023:138372,train
2021-2023:138374,test
2021-2023:138378,test
2021-2023:138384,train
2021-2023:138385,train
2021-2023:138389,test
2021-2023:138395,validation
2021-2023:138401,train
2021-2023:138409,train
2021-2023:138418,train
2021-2023:138425,train
2021-2023:138445,validation
2021-2023:138447,train
2021-2023:138449,train
2021-2023:138454,train
2021-2023:138458,train
2021-2023:138462,train
2021-2023:138469,validation
2021-2023:138473,train
2021-2023:138476,train
2021-2023:138481,validation
2021-2023:138485,validation
2021-2023:138490,test
2021-2023:138498,train
2021-2023:138509,train
2021-2023:138510,train
2021-2023:138513,train
2021-2023:138516,train
2021-2023:138520,validation
2021-2023:138521,train
2021-2023:138527,train
2021-2023:138533,train
2021-2023:138535,train
2021-2023:138542,train
2021-2023:138543,train
2021-2023:138550,test
2021-2023:138551,validation
2021-2023:138555,test
2021-2023:138571,train
2021-2023:138576,train
2021-2023:138603,train
2021-2023:138609,train
2021-2023:138613,train
2021-2023:138614,train
2021-2023:138617,validation
2021-2023:138625,test
2021-2023:138630,train
2021-2023:138633,train
2021-2023:138635,train
2021-2023:138647,test
2021-2023:138660,train
2021-2023:138664,validation
2021-2023:138680,validation
2021-2023:138694,test
2021-2023:138698,train
2021-2023:138703,train
2021-2023:138715,validation
2021-2023:138727,train
2021-2023:138728,train
2021-2023:138729,train
2021-2023:138730,test
2021-2023:138731,validation
2021-2023:138733,train
2021-2023:138734,test
2021-2023:138736,train
2021-2023:138739,test
2021-2023:138744,validation
2021-2023:138750,train
2021-2023:138761,train
2021-2023:138775,validation
2021-2023:138777,test
2021-2023:138783,train
2021-2023:138785,train
2021-2023:138792,train
2021-2023:138806,train
2021-2023:138808,validation
2021-2023:138809,test
2021-2023:138812,train
2021-2023:138815,train
2021-2023:138825,test
2021-2023:138828,train
2021-2023:138830,train
2021-2023:138837,train
2021-2023:138841,validation
2021-2023:138843,train
2021-2023:138855,train
2021-2023:138859,train
2021-2023:138870,train
2021-2023:138878,train
2021-2023:138880,train
2021-2023:138882,train
2021-2023:138883,train
2021-2023:138895,test
2021-2023:138896,train
2021-2023:138910,validation
2021-2023:138913,train
2021-2023:138914,train
2021-2023:138918,train
2021-2023:138921,train
2021-2023:138928,train
2021-2023:138929,test
2021-2023:138930,train
2021-2023:138942,train
2021-2023:138947,train
2021-2023:138949,train
2021-2023:138953,train
2021-2023:138955,validation
2021-2023:138956,train
2021-2023:138964,train
2021-2023:138965,train
2021-2023:138967,train
2021-2023:138971,validation
2021-2023:138973,train
2021-2023:138983,train
2021-2023:138993,train
2021-2023:138997,test
2021-2023:139013,train
2021-2023:139016,train
2021-2023:139017,validation
2021-2023:139033,validation
2021-2023:139036,train
2021-2023:139037,test
2021-2023:139042,train
2021-2023:139044,train
2021-2023:139046,train
2021-2023:139047,train
2021-2023:139049,train
2021-2023:139074,train
2021-2023:139076,train
2021-2023:139079,train
2021-2023:139081,validation
2021-2023:139092,validation
2021-2023:139096,train
2021-2023:139104,train
2021-2023:139129,train
2021-2023:139132,train
2021-2023:139133,train
2021-2023:139140,train
2021-2023:139153,train
2021-2023:139156,train
2021-2023:139157,train
2021-2023:139159,validation
2021-2023:139161,train
2021-2023:139182,validation
2021-2023:139183,validation
2021-2023:139184,validation
2021-2023:139187,validation
2021-2023:139196,train
2021-2023:139209,train
2021-2023:139213,validation
2021-2023:139215,train
2021-2023:139221,train
2021-2023:139224,train
2021-2023:139229,test
2021-2023:139233,train
2021-2023:139244,train
2021-2023:139252,train
2021-2023:139253,validation
2021-2023:139256,validation
2021-2023:139259,train
2021-2023:139264,train
2021-2023:139265,validation
2021-2023:139266,train
2021-2023:139274,test
2021-2023:139287,train
2021-2023:139288,train
2021-2023:139300,train
2021-2023:139301,train
2021-2023:139302,train
2021-2023:139303,train
2021-2023:139312,validation
2021-2023:139314,validation
2021-2023:139321,train
2021-2023:139343,train
2021-2023:139351,validation
2021-2023:139356,train
2021-2023:139359,test
2021-2023:139360,test
2021-2023:139361,test
2021-2023:139370,train
2021-2023:139388,train
2021-2023:139389,train
2021-2023:139392,train
2021-2023:139396,train
2021-2023:139398,train
2021-2023:139401,validation
2021-2023:139404,test
2021-2023:139409,validation
2021-2023:139424,train
2021-2023:139426,test
2021-2023:139447,validation
2021-2023:139450,train
2021-2023:139451,train
2021-2023:139464,train
2021-2023:139465,validation
2021-2023:139473,train
2021-2023:139494,validation
2021-2023:139497,test
2021-2023:139498,validation
2021-2023:139502,train
2021-2023:139508,train
2021-2023:139510,test
2021-2023:139514,validation
2021-2023:139526,train
2021-2023:139527,train
2021-2023:139533,train
2021-2023:139537,train
2021-2023:139540,validation
2021-2023:139548,train
2021-2023:139559,train
2021-2023:139569,train
2021-2023:139571,validation
2021-2023:139573,validation
2021-2023:139593,test
2021-2023:139597,train
2021-2023:139605,train
2021-2023:139607,train
2021-2023:139608,test
2021-2023:139613,validation
2021-2023:139638,train
2021-2023:139645,train
2021-2023:139650,test
2021-2023:139653,train
2021-2023:139658,validation
2021-2023:139660,train
2021-2023:139667,train
2021-2023:139674,test
2021-2023:139676,train
2021-2023:139677,validation
2021-2023:139679,test
2021-2023:139682,validation
2021-2023:139692,train
2021-2023:139700,validation
2021-2023:139707,test
2021-2023:139725,validation
2021-2023:139727,train
2021-2023:139728,test
2021-2023:139731,train
2021-2023:139745,train
2021-2023:139752,train
2021-2023:139760,train
2021-2023:139764,validation
2021-2023:139774,train
2021-2023:139775,train
2021-2023:139781,test
2021-2023:139786,train
2021-2023:139798,train
2021-2023:139799,train
2021-2023:139804,train
2021-2023:139814,validation
2021-2023:139815,train
2021-2023:139817,train
2021-2023:139818,train
2021-2023:139819,train
2021-2023:139835,train
2021-2023:139846,train
2021-2023:139854,train
2021-2023:139859,train
2021-2023:139867,train
2021-2023:139871,train
2021-2023:139874,train
2021-2023:139881,train
2021-2023:139888,train
2021-2023:139889,train
2021-2023:139890,validation
2021-2023:139903,train
2021-2023:139917,validation
2021-2023:139920,train
2021-2023:139921,train
2021-2023:139922,train
2021-2023:139936,train
2021-2023:139937,train
2021-2023:139941,train
2021-2023:139942,train
2021-2023:139944,train
2021-2023:139948,test
2021-2023:139960,train
2021-2023:139969,test
2021-2023:139972,train
2021-2023:139983,test
2021-2023:140019,validation
2021-2023:140020,train
2021-2023:140038,train
2021-2023:140039,train
2021-2023:140042,train
2021-2023:140045,validation
2021-2023:140059,validation
2021-2023:140064,train
2021-2023:140069,test
2021-2023:140081,train
2021-2023:140088,train
2021-2023:140090,train
2021-2023:140102,train
2021-2023:140104,test
2021-2023:140106,train
2021-2023:140110,test
2021-2023:140111,train
2021-2023:140112,validation
2021-2023:140117,train
2021-2023:140119,train
2021-2023:140121,train
2021-2023:140127,train
2021-2023:140130,train
2021-2023:140137,train
2021-2023:140138,train
2021-2023:140139,validation
2021-2023:140140,train
2021-2023:140144,train
2021-2023:140148,validation
2021-2023:140153,validation
2021-2023:140155,validation
2021-2023:140156,train
2021-2023:140175,train
2021-2023:140180,test
2021-2023:140183,validation
2021-2023:140187,train
2021-2023:140191,train
2021-2023:140194,validation
2021-2023:140201,train
2021-2023:140205,train
2021-2023:140221,test
2021-2023:140222,train
2021-2023:140224,train
2021-2023:140226,train
2021-2023:140228,train
2021-2023:140232,validation
2021-2023:140237,train
2021-2023:140243,train
2021-2023:140244,train
2021-2023:140246,train
2021-2023:140252,validation
2021-2023:140262,test
2021-2023:140265,train
2021-2023:140266,train
2021-2023:140281,test
2021-2023:140288,train
2021-2023:140293,train
2021-2023:140299,validation
2021-2023:140303,test
2021-2023:140304,train
2021-2023:140311,train
2021-2023:140313,train
2021-2023:140316,train
2021-2023:140322,validation
2021-2023:140327,train
2021-2023:140329,validation
2021-2023:140341,train
2021-2023:140346,train
2021-2023:140352,validation
2021-2023:140363,validation
2021-2023:140369,train
2021-2023:140371,train
2021-2023:140379,train
2021-2023:140384,train
2021-2023:140387,train
2021-2023:140398,train
2021-2023:140400,test
2021-2023:140401,train
2021-2023:140408,test
2021-2023:140412,train
2021-2023:140417,train
2021-2023:140418,train
2021-2023:140422,test
2021-2023:140423,train
2021-2023:140425,test
2021-2023:140428,train
2021-2023:140430,test
2021-2023:140443,train
2021-2023:140446,train
2021-2023:140449,train
2021-2023:140471,train
2021-2023:140473,validation
2021-2023:140478,train
2021-2023:140482,test
2021-2023:140492,train
2021-2023:140495,train
2021-2023:140498,train
2021-2023:140505,train
2021-2023:140509,validation
2021-2023:140512,train
2021-2023:140521,test
2021-2023:140523,train
2021-2023:140525,test
2021-2023:140526,train
2021-2023:140529,train
2021-2023:140531,validation
2021-2023:140547,train
2021-2023:140554,train
2021-2023:140558,train
2021-2023:140559,train
2021-2023:140561,validation
2021-2023:140562,validation
2021-2023:140578,validation
2021-2023:140580,train
2021-2023:140582,train
2021-2023:140584,validation
2021-2023:140609,validation
2021-2023:140621,validation
2021-2023:140627,train
2021-2023:140628,train
2021-2023:140629,train
2021-2023:140631,train
2021-2023:140639,test
2021-2023:140641,test
2021-2023:140644,train
2021-2023:140646,train
2021-2023:140658,test
2021-2023:140663,train
2021-2023:140664,train
2021-2023:140667,train
2021-2023:140672,train
2021-2023:140682,train
2021-2023:140686,test
2021-2023:140698,train
2021-2023:140706,train
2021-2023:140707,train
2021-2023:140726,train
2021-2023:140731,validation
2021-2023:140741,train
2021-2023:140742,test
2021-2023:140748,train
2021-2023:140749,train
2021-2023:140752,train
2021-2023:140757,test
2021-2023:140760,test
2021-2023:140762,train
2021-2023:140767,train
2021-2023:140771,validation
2021-2023:140777,train
2021-2023:140783,train
2021-2023:140794,train
2021-2023:140797,train
2021-2023:140803,train
2021-2023:140806,train
2021-2023:140807,train
2021-2023:140812,validation
2021-2023:140818,train
2021-2023:140823,train
2021-2023:140824,test
2021-2023:140827,validation
2021-2023:140829,train
2021-2023:140833,train
2021-2023:140834,train
2021-2023:140850,test
2021-2023:140853,validation
2021-2023:140854,test
2021-2023:140862,train
2021-2023:140869,train
2021-2023:140877,train
2021-2023:140878,train
2021-2023:140884,train
2021-2023:140892,train
2021-2023:140893,train
2021-2023:140895,train
2021-2023:140897,train
2021-2023:140904,train
2021-2023:140905,validation
2021-2023:140909,validation
2021-2023:140910,train
2021-2023:140914,train
2021-2023:140920,train
2021-2023:140935,train
2021-2023:140938,train
2021-2023:140947,train
2021-2023:140948,train
2021-2023:140950,train
2021-2023:140953,train
2021-2023:140961,train
2021-2023:140968,train
2021-2023:140978,validation
2021-2023:140995,test
2021-2023:141001,validation
2021-2023:141003,train
2021-2023:141017,test
2021-2023:141030,train
2021-2023:141041,test
2021-2023:141043,validation
2021-2023:141047,validation
2021-2023:141048,train
2021-2023:141060,train
2021-2023:141061,train
2021-2023:141067,train
2021-2023:141069,validation
2021-2023:141070,train
2021-2023:141072,validation
2021-2023:141095,validation
2021-2023:141096,train
2021-2023:141102,train
2021-2023:141110,test
2021-2023:141117,train
2021-2023:141130,train
2021-2023:141139,validation
2021-2023:141141,test
2021-2023:141144,train
2021-2023:141145,validation
2021-2023:141165,train
2021-2023:141166,validation
2021-2023:141168,train
2021-2023:141172,train
2021-2023:141179,test
2021-2023:141183,test
2021-2023:141189,train
2021-2023:141196,train
2021-2023:141197,train
2021-2023:141205,test
2021-2023:141211,train
2021-2023:141214,validation
2021-2023:141221,train
2021-2023:141223,train
2021-2023:141224,test
2021-2023:141225,train
2021-2023:141227,test
2021-2023:141248,train
2021-2023:141263,test
2021-2023:141270,validation
2021-2023:141271,train
2021-2023:141273,validation
2021-2023:141274,validation
2021-2023:141275,train
2021-2023:141285,train
2021-2023:141292,train
2021-2023:141294,train
2021-2023:141295,train
2021-2023:141296,train
2021-2023:141302,train
2021-2023:141307,train
2021-2023:141317,train
2021-2023:141319,train
2021-2023:141324,test
2021-2023:141328,train
2021-2023:141335,train
2021-2023:141339,test
2021-2023:141353,test
2021-2023:141355,train
2021-2023:141365,train
2021-2023:141374,train
2021-2023:141375,validation
2021-2023:141385,train
2021-2023:141386,train
2021-2023:141387,train
2021-2023:141393,train
2021-2023:141396,train
2021-2023:141401,train
2021-2023:141405,train
2021-2023:141407,train
2021-2023:141408,train
2021-2023:141413,test
2021-2023:141417,train
2021-2023:141422,train
2021-2023:141444,validation
2021-2023:141459,train
2021-2023:141465,train
2021-2023:141476,train
2021-2023:141479,train
2021-2023:141500,train
2021-2023:141503,train
2021-2023:141505,train
2021-2023:141506,validation
2021-2023:141507,train
2021-2023:141521,train
2021-2023:141525,train
2021-2023:141537,train
2021-2023:141538,train
2021-2023:141540,train
2021-2023:141547,train
2021-2023:141563,train
2021-2023:141568,test
2021-2023:141573,train
2021-2023:141574,train
2021-2023:141576,validation
2021-2023:141579,train
2021-2023:141583,test
2021-2023:141585,validation
2021-2023:141588,test
2021-2023:141602,train
2021-2023:141611,train
2021-2023:141612,train
2021-2023:141614,train
2021-2023:141628,train
2021-2023:141631,train
2021-2023:141634,train
2021-2023:141635,train
2021-2023:141642,validation
2021-2023:141645,train
2021-2023:141646,train
2021-2023:141648,train
2021-2023:141655,train
2021-2023:141660,test
2021-2023:141663,train
2021-2023:141665,train
2021-2023:141669,train
2021-2023:141675,test
2021-2023:141684,train
2021-2023:141691,train
2021-2023:141709,train
2021-2023:141710,validation
2021-2023:141714,train
2021-2023:141721,validation
2021-2023:141722,train
2021-2023:141723,train
2021-2023:141728,train
2021-2023:141731,train
2021-2023:141735,validation
2021-2023:141739,train
2021-2023:141741,train
2021-2023:141742,validation
2021-2023:141745,test
2021-2023:141750,train
2021-2023:141756,train
2021-2023:141762,train
2021-2023:141763,validation
2021-2023:141765,train
2021-2023:141768,train
2021-2023:141770,train
2021-2023:141790,train
2021-2023:141791,train
2021-2023:141793,test
2021-2023:141795,train
2021-2023:141799,train
2021-2023:141802,train
2021-2023:141824,train
2021-2023:141839,train
2021-2023:141840,train
2021-2023:141842,train
2021-2023:141845,train
2021-2023:141846,train
2021-2023:141847,train
2021-2023:141850,train
2021-2023:141860,train
2021-2023:141867,train
2021-2023:141869,train
2021-2023:141872,train
2021-2023:141877,train
2021-2023:141884,train
2021-2023:141886,validation
2021-2023:141895,validation
2021-2023:141899,train
2021-2023:141908,train
2021-2023:141910,train
2021-2023:141916,train
2021-2023:141918,train
2021-2023:141923,test
2021-2023:141928,test
2021-2023:141952,train
2021-2023:141953,validation
2021-2023:141954,train
2021-2023:141961,test
2021-2023:141963,validation
2021-2023:141967,train
2021-2023:141976,train
2021-2023:141986,train
2021-2023:141987,test
2021-2023:141999,train
2021-2023:142002,train
2021-2023:142013,train
2021-2023:142015,test
2021-2023:142030,train
2021-2023:142032,train
2021-2023:142037,train
2021-2023:142038,train
2021-2023:142042,train
2021-2023:142045,train
2021-2023:142047,train
2021-2023:142049,train
2021-2023:142052,validation
2021-2023:142055,validation
2021-2023:142058,train
2021-2023:142060,test
2021-2023:142062,validation
2021-2023:142068,test
2021-2023:142074,train
2021-2023:142078,test
2021-2023:142084,test
2021-2023:142088,train
2021-2023:142110,validation
2021-2023:142112,train
2021-2023:142117,test
2021-2023:142118,train
2021-2023:142132,train
2021-2023:142152,train
2021-2023:142156,train
2021-2023:142157,train
2021-2023:142168,train
2021-2023:142170,train
2021-2023:142179,train
2021-2023:142185,train
2021-2023:142208,train
2021-2023:142212,test
2021-2023:142213,test
2021-2023:142216,train
2021-2023:142219,train
2021-2023:142225,train
2021-2023:142242,train
2021-2023:142253,validation
2021-2023:142255,train
2021-2023:142258,train
2021-2023:142259,train
2021-2023:142263,train
2021-2023:142264,validation
2021-2023:142280,train
2021-2023:142283,test
2021-2023:142288,train
2021-2023:142289,test
2021-2023:142295,train
2021-2023:142300,train
2021-2023:142301,train
